﻿<LinkSources version="1.02">
  <page ID="42582A35-0CA0-4936-836B-E8B9D79E6095">
    <linkSource sourcePageID="6B8C7879-4E23-4C0A-A252-868CC52BA8A3" comID="3868DA37-E9CD-4F3E-9F89-789210C5F871" comLinkType="cltPageLink"/>
    <linkSource sourcePageID="F65F260C-B2BE-4BAA-8341-05F29EADC4CC" comID="456E978C-C510-471B-9184-410E8E2DAD31" comLinkType="cltPageLink"/>
  </page>
  <page ID="201D5114-A457-4C41-BDB4-FB0C5F539CFC">
    <linkSource sourcePageID="57731481-2AE4-4439-B150-FC13FB657D69" comID="4D1C050A-3E65-4262-A879-C351D7FCFCD5" comLinkType="cltPageLink"/>
    <linkSource sourcePageID="9FB19A10-6253-4D87-BE62-0C2815675A04" comID="4D1C050A-3E65-4262-A879-C351D7FCFCD5" comLinkType="cltPageLink"/>
    <linkSource sourcePageID="B8D90EAB-E024-4C9B-AB9D-5C55410D2598" comID="4D1C050A-3E65-4262-A879-C351D7FCFCD5" comLinkType="cltPageLink"/>
    <linkSource sourcePageID="FB76802D-B00C-48B9-9757-BB938B8ACA95" comID="4D1C050A-3E65-4262-A879-C351D7FCFCD5" comLinkType="cltPageLink"/>
    <linkSource sourcePageID="0B587FB0-FF8F-476D-95FB-C70178B6A7CD" comID="4D1C050A-3E65-4262-A879-C351D7FCFCD5" comLinkType="cltPageLink"/>
    <linkSource sourcePageID="B85B9867-8012-4430-94F7-C01F26D833F1" comID="4D1C050A-3E65-4262-A879-C351D7FCFCD5" comLinkType="cltPageLink"/>
    <linkSource sourcePageID="29458027-2E1E-4207-BC32-A12FBDD03654" comID="4D1C050A-3E65-4262-A879-C351D7FCFCD5" comLinkType="cltPageLink"/>
    <linkSource sourcePageID="1DB9E231-C24D-4B30-A7A1-B5D19BB46002" comID="4D1C050A-3E65-4262-A879-C351D7FCFCD5" comLinkType="cltPageLink"/>
    <linkSource sourcePageID="F3BEEF11-FCFE-4CA2-BCF7-EE6098695512" comID="4D1C050A-3E65-4262-A879-C351D7FCFCD5" comLinkType="cltPageLink"/>
    <linkSource sourcePageID="BE9DCFAB-1A3A-4330-8812-D24BBCA0FA11" comID="4D1C050A-3E65-4262-A879-C351D7FCFCD5" comLinkType="cltPageLink"/>
    <linkSource sourcePageID="7829D1AC-CEA5-4D2A-A0C9-DB240151C5CB" comID="4D1C050A-3E65-4262-A879-C351D7FCFCD5" comLinkType="cltPageLink"/>
    <linkSource sourcePageID="61F20C83-38CC-4029-9092-637ED304F99F" comID="4D1C050A-3E65-4262-A879-C351D7FCFCD5" comLinkType="cltPageLink"/>
    <linkSource sourcePageID="9FD04ABF-0518-43BE-A388-AB6273BE5124" comID="4D1C050A-3E65-4262-A879-C351D7FCFCD5" comLinkType="cltPageLink"/>
    <linkSource sourcePageID="17E54ED8-A5BB-4C30-8F86-CC246B7E53A5" comID="4D1C050A-3E65-4262-A879-C351D7FCFCD5" comLinkType="cltPageLink"/>
    <linkSource sourcePageID="61F20C83-38CC-4029-9092-637ED304F99F" comID="0DA18F6B-F624-49B2-806D-E70F986AD5B2" comLinkType="cltPageLink"/>
    <linkSource sourcePageID="F4208BD3-690D-4FD0-A68C-C606D9AEDA85" comID="FEB402D7-6793-4C29-AA32-EB9780A3AF08" comLinkType="cltPageLink"/>
    <linkSource sourcePageID="AE1B261A-EF3D-4A3D-A5B5-D9F51A089EC1" comID="4D1C050A-3E65-4262-A879-C351D7FCFCD5" comLinkType="cltPageLink"/>
  </page>
  <page ID="0675F74C-F4F6-45C5-BDED-C03391BBCAEB">
    <linkSource sourcePageID="29458027-2E1E-4207-BC32-A12FBDD03654" comID="4D1C050A-3E65-4262-A879-C351D7FCFCD5" comLinkType="cltPageLink"/>
    <linkSource sourcePageID="1DB9E231-C24D-4B30-A7A1-B5D19BB46002" comID="4D1C050A-3E65-4262-A879-C351D7FCFCD5" comLinkType="cltPageLink"/>
    <linkSource sourcePageID="27F7B6AB-48BD-4731-BA3C-0D190DD0176A" comID="4D1C050A-3E65-4262-A879-C351D7FCFCD5" comLinkType="cltPageLink"/>
    <linkSource sourcePageID="7C5649A0-E424-4CE7-ACD0-871976E2C0D7" comID="4D1C050A-3E65-4262-A879-C351D7FCFCD5" comLinkType="cltPageLink"/>
    <linkSource sourcePageID="F3BEEF11-FCFE-4CA2-BCF7-EE6098695512" comID="4D1C050A-3E65-4262-A879-C351D7FCFCD5" comLinkType="cltPageLink"/>
    <linkSource sourcePageID="7829D1AC-CEA5-4D2A-A0C9-DB240151C5CB" comID="4D1C050A-3E65-4262-A879-C351D7FCFCD5" comLinkType="cltPageLink"/>
    <linkSource sourcePageID="F0FA6867-99AD-4701-8498-553FF03FF59C" comID="64673D13-1DA9-41A3-AFE2-48BE3D0CA478" comLinkType="cltPageLink"/>
    <linkSource sourcePageID="F0FA6867-99AD-4701-8498-553FF03FF59C" comID="32A60214-C093-403F-AD1F-196216E6699C" comLinkType="cltPageLink"/>
    <linkSource sourcePageID="F0FA6867-99AD-4701-8498-553FF03FF59C" comID="0484C02F-7483-47D0-B305-14B927F4DC2D" comLinkType="cltPageLink"/>
    <linkSource sourcePageID="F0FA6867-99AD-4701-8498-553FF03FF59C" comID="0A752764-4296-460B-8BA8-825FEBC28D9A" comLinkType="cltPageLink"/>
    <linkSource sourcePageID="7D5CBFEF-77AC-4984-A477-A8BA755FEFEC" comID="0A752764-4296-460B-8BA8-825FEBC28D9A" comLinkType="cltPageLink"/>
    <linkSource sourcePageID="F639DCBC-FDF0-424C-8542-4B1329C65A49" comID="0A752764-4296-460B-8BA8-825FEBC28D9A" comLinkType="cltPageLink"/>
    <linkSource sourcePageID="CCDC1DF4-F48C-4067-BD87-0D95E575F152" comID="0A752764-4296-460B-8BA8-825FEBC28D9A" comLinkType="cltPageLink"/>
    <linkSource sourcePageID="020A777F-DD0E-44D2-B968-957109FC3776" comID="0A752764-4296-460B-8BA8-825FEBC28D9A" comLinkType="cltPageLink"/>
    <linkSource sourcePageID="57731481-2AE4-4439-B150-FC13FB657D69" comID="4D1C050A-3E65-4262-A879-C351D7FCFCD5" comLinkType="cltPageLink"/>
  </page>
  <page ID="25F0749A-323E-47F0-9F8E-6C280DF59370">
    <linkSource sourcePageID="29458027-2E1E-4207-BC32-A12FBDD03654" comID="4D1C050A-3E65-4262-A879-C351D7FCFCD5" comLinkType="cltPageLink"/>
    <linkSource sourcePageID="1DB9E231-C24D-4B30-A7A1-B5D19BB46002" comID="4D1C050A-3E65-4262-A879-C351D7FCFCD5" comLinkType="cltPageLink"/>
    <linkSource sourcePageID="F3BEEF11-FCFE-4CA2-BCF7-EE6098695512" comID="4D1C050A-3E65-4262-A879-C351D7FCFCD5" comLinkType="cltPageLink"/>
    <linkSource sourcePageID="9FD04ABF-0518-43BE-A388-AB6273BE5124" comID="4D1C050A-3E65-4262-A879-C351D7FCFCD5" comLinkType="cltPageLink"/>
    <linkSource sourcePageID="A3B197D6-F299-4AE1-8EB8-0817BA61A64F" comID="4D1C050A-3E65-4262-A879-C351D7FCFCD5" comLinkType="cltPageLink"/>
    <linkSource sourcePageID="F639DCBC-FDF0-424C-8542-4B1329C65A49" comID="64673D13-1DA9-41A3-AFE2-48BE3D0CA478" comLinkType="cltPageLink"/>
    <linkSource sourcePageID="5F8E3EA6-9F28-4842-BA76-780205D76C3C" comID="4D1C050A-3E65-4262-A879-C351D7FCFCD5" comLinkType="cltPageLink"/>
    <linkSource sourcePageID="B3AFE6D2-80B4-4526-B8E1-343CC7E91A01" comID="64673D13-1DA9-41A3-AFE2-48BE3D0CA478" comLinkType="cltPageLink"/>
  </page>
  <page ID="6B8C7879-4E23-4C0A-A252-868CC52BA8A3">
    <linkSource sourcePageID="25F0749A-323E-47F0-9F8E-6C280DF59370" comID="B513158D-3C8B-4B0B-B8B2-189944025A99" comLinkType="cltPageLink"/>
    <linkSource sourcePageID="42582A35-0CA0-4936-836B-E8B9D79E6095" comID="378F6B0F-FBD9-44B8-BFAE-90945F886535" comLinkType="cltPageLink"/>
    <linkSource sourcePageID="5F8E3EA6-9F28-4842-BA76-780205D76C3C" comID="4D1C050A-3E65-4262-A879-C351D7FCFCD5" comLinkType="cltPageLink"/>
    <linkSource sourcePageID="AE1B261A-EF3D-4A3D-A5B5-D9F51A089EC1" comID="4D1C050A-3E65-4262-A879-C351D7FCFCD5" comLinkType="cltPageLink"/>
    <linkSource sourcePageID="62AC21A7-ABB9-46F6-914D-29FFA8E9E482" comID="378F6B0F-FBD9-44B8-BFAE-90945F886535" comLinkType="cltPageLink"/>
  </page>
  <page ID="F639DCBC-FDF0-424C-8542-4B1329C65A49">
    <linkSource sourcePageID="0675F74C-F4F6-45C5-BDED-C03391BBCAEB" comID="E84C9586-576B-42B1-9294-9CBB1E18C817" comLinkType="cltPageLink"/>
    <linkSource sourcePageID="F4208BD3-690D-4FD0-A68C-C606D9AEDA85" comID="B8016C56-FE40-40CB-B5AB-34EB67CAABB3" comLinkType="cltPageLink"/>
  </page>
  <page ID="B3AFE6D2-80B4-4526-B8E1-343CC7E91A01">
    <linkSource sourcePageID="6B8C7879-4E23-4C0A-A252-868CC52BA8A3" comID="E84C9586-576B-42B1-9294-9CBB1E18C817" comLinkType="cltPageLink"/>
  </page>
  <page ID="57731481-2AE4-4439-B150-FC13FB657D69">
    <linkSource sourcePageID="201D5114-A457-4C41-BDB4-FB0C5F539CFC" comID="4D1C050A-3E65-4262-A879-C351D7FCFCD5" comLinkType="cltPageLink"/>
    <linkSource sourcePageID="B8D90EAB-E024-4C9B-AB9D-5C55410D2598" comID="4D1C050A-3E65-4262-A879-C351D7FCFCD5" comLinkType="cltPageLink"/>
    <linkSource sourcePageID="0675F74C-F4F6-45C5-BDED-C03391BBCAEB" comID="4D1C050A-3E65-4262-A879-C351D7FCFCD5" comLinkType="cltPageLink"/>
    <linkSource sourcePageID="61F20C83-38CC-4029-9092-637ED304F99F" comID="4D1C050A-3E65-4262-A879-C351D7FCFCD5" comLinkType="cltPageLink"/>
    <linkSource sourcePageID="F0FA6867-99AD-4701-8498-553FF03FF59C" comID="4D1C050A-3E65-4262-A879-C351D7FCFCD5" comLinkType="cltPageLink"/>
    <linkSource sourcePageID="CEA340A0-B38E-4FE8-8D91-BF6C6270C256" comID="4D1C050A-3E65-4262-A879-C351D7FCFCD5" comLinkType="cltPageLink"/>
    <linkSource sourcePageID="59CF9F73-9059-41E0-BE88-90663C8FB6A2" comID="4D1C050A-3E65-4262-A879-C351D7FCFCD5" comLinkType="cltPageLink"/>
    <linkSource sourcePageID="4D2379C1-1E67-4B77-B57F-6567341BDE1D" comID="4D1C050A-3E65-4262-A879-C351D7FCFCD5" comLinkType="cltPageLink"/>
    <linkSource sourcePageID="5FCD8AE9-9EED-43FF-869A-7B3FD300E233" comID="4D1C050A-3E65-4262-A879-C351D7FCFCD5" comLinkType="cltPageLink"/>
    <linkSource sourcePageID="7D5CBFEF-77AC-4984-A477-A8BA755FEFEC" comID="4D1C050A-3E65-4262-A879-C351D7FCFCD5" comLinkType="cltPageLink"/>
    <linkSource sourcePageID="25F0749A-323E-47F0-9F8E-6C280DF59370" comID="4D1C050A-3E65-4262-A879-C351D7FCFCD5" comLinkType="cltPageLink"/>
    <linkSource sourcePageID="F639DCBC-FDF0-424C-8542-4B1329C65A49" comID="4D1C050A-3E65-4262-A879-C351D7FCFCD5" comLinkType="cltPageLink"/>
    <linkSource sourcePageID="CCDC1DF4-F48C-4067-BD87-0D95E575F152" comID="4D1C050A-3E65-4262-A879-C351D7FCFCD5" comLinkType="cltPageLink"/>
    <linkSource sourcePageID="020A777F-DD0E-44D2-B968-957109FC3776" comID="4D1C050A-3E65-4262-A879-C351D7FCFCD5" comLinkType="cltPageLink"/>
    <linkSource sourcePageID="AE1B261A-EF3D-4A3D-A5B5-D9F51A089EC1" comID="4D1C050A-3E65-4262-A879-C351D7FCFCD5" comLinkType="cltPageLink"/>
  </page>
  <page ID="29458027-2E1E-4207-BC32-A12FBDD03654">
    <linkSource sourcePageID="0B587FB0-FF8F-476D-95FB-C70178B6A7CD" comID="5032288A-9947-4199-8292-8F3FE56EB668" comLinkType="cltPageLink"/>
    <linkSource sourcePageID="57731481-2AE4-4439-B150-FC13FB657D69" comID="5032288A-9947-4199-8292-8F3FE56EB668" comLinkType="cltPageLink"/>
    <linkSource sourcePageID="1DB9E231-C24D-4B30-A7A1-B5D19BB46002" comID="5032288A-9947-4199-8292-8F3FE56EB668" comLinkType="cltPageLink"/>
    <linkSource sourcePageID="7829D1AC-CEA5-4D2A-A0C9-DB240151C5CB" comID="5032288A-9947-4199-8292-8F3FE56EB668" comLinkType="cltPageLink"/>
    <linkSource sourcePageID="4BA0DA90-91F3-4051-8063-0C7B1620694F" comID="5032288A-9947-4199-8292-8F3FE56EB668" comLinkType="cltPageLink"/>
    <linkSource sourcePageID="5F8E3EA6-9F28-4842-BA76-780205D76C3C" comID="5032288A-9947-4199-8292-8F3FE56EB668" comLinkType="cltPageLink"/>
  </page>
  <page ID="1DB9E231-C24D-4B30-A7A1-B5D19BB46002">
    <linkSource sourcePageID="29458027-2E1E-4207-BC32-A12FBDD03654" comID="5032288A-9947-4199-8292-8F3FE56EB668" comLinkType="cltPageLink"/>
    <linkSource sourcePageID="F639DCBC-FDF0-424C-8542-4B1329C65A49" comID="59774F7C-B900-4E31-AA32-394D0F6B853C" comLinkType="cltPageLink"/>
    <linkSource sourcePageID="B3AFE6D2-80B4-4526-B8E1-343CC7E91A01" comID="59774F7C-B900-4E31-AA32-394D0F6B853C" comLinkType="cltPageLink"/>
  </page>
  <page ID="5F8E3EA6-9F28-4842-BA76-780205D76C3C">
    <linkSource sourcePageID="6B8C7879-4E23-4C0A-A252-868CC52BA8A3" comID="4D1C050A-3E65-4262-A879-C351D7FCFCD5" comLinkType="cltPageLink"/>
    <linkSource sourcePageID="AE1B261A-EF3D-4A3D-A5B5-D9F51A089EC1" comID="4D1C050A-3E65-4262-A879-C351D7FCFCD5" comLinkType="cltPageLink"/>
  </page>
  <page ID="F4208BD3-690D-4FD0-A68C-C606D9AEDA85">
    <linkSource sourcePageID="201D5114-A457-4C41-BDB4-FB0C5F539CFC" comID="4D1C050A-3E65-4262-A879-C351D7FCFCD5" comLinkType="cltPageLink"/>
    <linkSource sourcePageID="57731481-2AE4-4439-B150-FC13FB657D69" comID="4D1C050A-3E65-4262-A879-C351D7FCFCD5" comLinkType="cltPageLink"/>
    <linkSource sourcePageID="9FB19A10-6253-4D87-BE62-0C2815675A04" comID="4D1C050A-3E65-4262-A879-C351D7FCFCD5" comLinkType="cltPageLink"/>
    <linkSource sourcePageID="FB76802D-B00C-48B9-9757-BB938B8ACA95" comID="4D1C050A-3E65-4262-A879-C351D7FCFCD5" comLinkType="cltPageLink"/>
    <linkSource sourcePageID="0B587FB0-FF8F-476D-95FB-C70178B6A7CD" comID="4D1C050A-3E65-4262-A879-C351D7FCFCD5" comLinkType="cltPageLink"/>
    <linkSource sourcePageID="B85B9867-8012-4430-94F7-C01F26D833F1" comID="4D1C050A-3E65-4262-A879-C351D7FCFCD5" comLinkType="cltPageLink"/>
    <linkSource sourcePageID="29458027-2E1E-4207-BC32-A12FBDD03654" comID="4D1C050A-3E65-4262-A879-C351D7FCFCD5" comLinkType="cltPageLink"/>
    <linkSource sourcePageID="1DB9E231-C24D-4B30-A7A1-B5D19BB46002" comID="4D1C050A-3E65-4262-A879-C351D7FCFCD5" comLinkType="cltPageLink"/>
    <linkSource sourcePageID="0675F74C-F4F6-45C5-BDED-C03391BBCAEB" comID="4D1C050A-3E65-4262-A879-C351D7FCFCD5" comLinkType="cltPageLink"/>
    <linkSource sourcePageID="F3BEEF11-FCFE-4CA2-BCF7-EE6098695512" comID="4D1C050A-3E65-4262-A879-C351D7FCFCD5" comLinkType="cltPageLink"/>
    <linkSource sourcePageID="BE9DCFAB-1A3A-4330-8812-D24BBCA0FA11" comID="4D1C050A-3E65-4262-A879-C351D7FCFCD5" comLinkType="cltPageLink"/>
    <linkSource sourcePageID="27F7B6AB-48BD-4731-BA3C-0D190DD0176A" comID="4D1C050A-3E65-4262-A879-C351D7FCFCD5" comLinkType="cltPageLink"/>
    <linkSource sourcePageID="7C5649A0-E424-4CE7-ACD0-871976E2C0D7" comID="4D1C050A-3E65-4262-A879-C351D7FCFCD5" comLinkType="cltPageLink"/>
    <linkSource sourcePageID="7829D1AC-CEA5-4D2A-A0C9-DB240151C5CB" comID="4D1C050A-3E65-4262-A879-C351D7FCFCD5" comLinkType="cltPageLink"/>
    <linkSource sourcePageID="F0FA6867-99AD-4701-8498-553FF03FF59C" comID="4D1C050A-3E65-4262-A879-C351D7FCFCD5" comLinkType="cltPageLink"/>
    <linkSource sourcePageID="02B3B516-F821-4006-B770-4E3F967908C4" comID="4D1C050A-3E65-4262-A879-C351D7FCFCD5" comLinkType="cltPageLink"/>
    <linkSource sourcePageID="CEA340A0-B38E-4FE8-8D91-BF6C6270C256" comID="4D1C050A-3E65-4262-A879-C351D7FCFCD5" comLinkType="cltPageLink"/>
    <linkSource sourcePageID="59CF9F73-9059-41E0-BE88-90663C8FB6A2" comID="4D1C050A-3E65-4262-A879-C351D7FCFCD5" comLinkType="cltPageLink"/>
    <linkSource sourcePageID="4D2379C1-1E67-4B77-B57F-6567341BDE1D" comID="4D1C050A-3E65-4262-A879-C351D7FCFCD5" comLinkType="cltPageLink"/>
    <linkSource sourcePageID="5FCD8AE9-9EED-43FF-869A-7B3FD300E233" comID="4D1C050A-3E65-4262-A879-C351D7FCFCD5" comLinkType="cltPageLink"/>
    <linkSource sourcePageID="26282A0A-72F6-4085-8483-BEEC854EDF77" comID="4D1C050A-3E65-4262-A879-C351D7FCFCD5" comLinkType="cltPageLink"/>
    <linkSource sourcePageID="7D5CBFEF-77AC-4984-A477-A8BA755FEFEC" comID="4D1C050A-3E65-4262-A879-C351D7FCFCD5" comLinkType="cltPageLink"/>
    <linkSource sourcePageID="25F0749A-323E-47F0-9F8E-6C280DF59370" comID="4D1C050A-3E65-4262-A879-C351D7FCFCD5" comLinkType="cltPageLink"/>
    <linkSource sourcePageID="4BA0DA90-91F3-4051-8063-0C7B1620694F" comID="4D1C050A-3E65-4262-A879-C351D7FCFCD5" comLinkType="cltPageLink"/>
    <linkSource sourcePageID="9FD04ABF-0518-43BE-A388-AB6273BE5124" comID="4D1C050A-3E65-4262-A879-C351D7FCFCD5" comLinkType="cltPageLink"/>
    <linkSource sourcePageID="63F04213-8489-45DB-9D1E-E760B77F4CF7" comID="4D1C050A-3E65-4262-A879-C351D7FCFCD5" comLinkType="cltPageLink"/>
    <linkSource sourcePageID="A3B197D6-F299-4AE1-8EB8-0817BA61A64F" comID="4D1C050A-3E65-4262-A879-C351D7FCFCD5" comLinkType="cltPageLink"/>
    <linkSource sourcePageID="F639DCBC-FDF0-424C-8542-4B1329C65A49" comID="4D1C050A-3E65-4262-A879-C351D7FCFCD5" comLinkType="cltPageLink"/>
    <linkSource sourcePageID="CCDC1DF4-F48C-4067-BD87-0D95E575F152" comID="4D1C050A-3E65-4262-A879-C351D7FCFCD5" comLinkType="cltPageLink"/>
    <linkSource sourcePageID="020A777F-DD0E-44D2-B968-957109FC3776" comID="4D1C050A-3E65-4262-A879-C351D7FCFCD5" comLinkType="cltPageLink"/>
    <linkSource sourcePageID="E872643A-1E0A-48AE-B4AD-A882C42431D9" comID="3CFB3A39-E93F-4E30-8F2B-4ADD7070EA15" comLinkType="cltPageLink"/>
  </page>
  <page ID="61F20C83-38CC-4029-9092-637ED304F99F">
    <linkSource sourcePageID="7829D1AC-CEA5-4D2A-A0C9-DB240151C5CB" comID="4D1C050A-3E65-4262-A879-C351D7FCFCD5" comLinkType="cltPageLink"/>
    <linkSource sourcePageID="29458027-2E1E-4207-BC32-A12FBDD03654" comID="4D1C050A-3E65-4262-A879-C351D7FCFCD5" comLinkType="cltPageLink"/>
    <linkSource sourcePageID="1DB9E231-C24D-4B30-A7A1-B5D19BB46002" comID="4D1C050A-3E65-4262-A879-C351D7FCFCD5" comLinkType="cltPageLink"/>
    <linkSource sourcePageID="F3BEEF11-FCFE-4CA2-BCF7-EE6098695512" comID="4D1C050A-3E65-4262-A879-C351D7FCFCD5" comLinkType="cltPageLink"/>
    <linkSource sourcePageID="57731481-2AE4-4439-B150-FC13FB657D69" comID="4D1C050A-3E65-4262-A879-C351D7FCFCD5" comLinkType="cltPageLink"/>
    <linkSource sourcePageID="201D5114-A457-4C41-BDB4-FB0C5F539CFC" comID="4D1C050A-3E65-4262-A879-C351D7FCFCD5" comLinkType="cltPageLink"/>
    <linkSource sourcePageID="5F8E3EA6-9F28-4842-BA76-780205D76C3C" comID="4D1C050A-3E65-4262-A879-C351D7FCFCD5" comLinkType="cltPageLink"/>
    <linkSource sourcePageID="6B8C7879-4E23-4C0A-A252-868CC52BA8A3" comID="4D1C050A-3E65-4262-A879-C351D7FCFCD5" comLinkType="cltPageLink"/>
  </page>
  <page ID="AE1B261A-EF3D-4A3D-A5B5-D9F51A089EC1">
    <linkSource sourcePageID="6B8C7879-4E23-4C0A-A252-868CC52BA8A3" comID="4D1C050A-3E65-4262-A879-C351D7FCFCD5" comLinkType="cltPageLink"/>
    <linkSource sourcePageID="29458027-2E1E-4207-BC32-A12FBDD03654" comID="4D1C050A-3E65-4262-A879-C351D7FCFCD5" comLinkType="cltPageLink"/>
    <linkSource sourcePageID="1DB9E231-C24D-4B30-A7A1-B5D19BB46002" comID="4D1C050A-3E65-4262-A879-C351D7FCFCD5" comLinkType="cltPageLink"/>
  </page>
  <page ID="802A4D7D-A4C1-4311-BAE5-CB9C4CD78DFA">
    <linkSource sourcePageID="256E32C2-5A25-4266-839F-BA23E49C0749" comID="B513158D-3C8B-4B0B-B8B2-189944025A99" comLinkType="cltPageLink"/>
    <linkSource sourcePageID="1D788149-3630-48AE-B55C-67C09E4910A0" comID="053853E8-7080-489C-8562-23AF45422342" comLinkType="cltPageLink"/>
    <linkSource sourcePageID="A3A4D58B-DB6E-43C1-90DC-73859484DAC8" comID="37BD9604-7210-4FB2-A488-350F6C6343B5" comLinkType="cltPageLink"/>
  </page>
  <page ID="1D788149-3630-48AE-B55C-67C09E4910A0">
    <linkSource sourcePageID="802A4D7D-A4C1-4311-BAE5-CB9C4CD78DFA" comID="3868DA37-E9CD-4F3E-9F89-789210C5F871" comLinkType="cltPageLink"/>
  </page>
  <page ID="256E32C2-5A25-4266-839F-BA23E49C0749">
    <linkSource sourcePageID="9FB19A10-6253-4D87-BE62-0C2815675A04" comID="4D1C050A-3E65-4262-A879-C351D7FCFCD5" comLinkType="cltPageLink"/>
    <linkSource sourcePageID="B8D90EAB-E024-4C9B-AB9D-5C55410D2598" comID="4D1C050A-3E65-4262-A879-C351D7FCFCD5" comLinkType="cltPageLink"/>
    <linkSource sourcePageID="F65F260C-B2BE-4BAA-8341-05F29EADC4CC" comID="4D1C050A-3E65-4262-A879-C351D7FCFCD5" comLinkType="cltPageLink"/>
    <linkSource sourcePageID="01A83861-01DA-4DCA-9289-2FFDCEB674A5" comID="4D1C050A-3E65-4262-A879-C351D7FCFCD5" comLinkType="cltPageLink"/>
    <linkSource sourcePageID="62AC21A7-ABB9-46F6-914D-29FFA8E9E482" comID="7C895EF1-39D5-4ACC-BDF1-9029D3ED4AB0" comLinkType="cltPageLink"/>
    <linkSource sourcePageID="51379549-5B01-4C8F-9B3A-47F0C8D80260" comID="4D1C050A-3E65-4262-A879-C351D7FCFCD5" comLinkType="cltPageLink"/>
    <linkSource sourcePageID="3C4CB93A-655E-4DE1-9C10-568558A1400D" comID="4D1C050A-3E65-4262-A879-C351D7FCFCD5" comLinkType="cltPageLink"/>
    <linkSource sourcePageID="3AB68994-3950-4AF4-BA36-DEC8C6236844" comID="7C895EF1-39D5-4ACC-BDF1-9029D3ED4AB0" comLinkType="cltPageLink"/>
    <linkSource sourcePageID="C208847C-EA80-49BE-8455-1BE2EAAD9E9B" comID="4D1C050A-3E65-4262-A879-C351D7FCFCD5" comLinkType="cltPageLink"/>
    <linkSource sourcePageID="802A4D7D-A4C1-4311-BAE5-CB9C4CD78DFA" comID="E84C9586-576B-42B1-9294-9CBB1E18C817" comLinkType="cltPageLink"/>
    <linkSource sourcePageID="D2B3A421-428F-48A6-A979-8958EA415615" comID="9D5604A3-1F07-4B8E-A679-4C018D93C276" comLinkType="cltPageLink"/>
    <linkSource sourcePageID="14A4FE36-1199-4A89-A2E5-2038D96C4270" comID="4D1C050A-3E65-4262-A879-C351D7FCFCD5" comLinkType="cltPageLink"/>
  </page>
  <page ID="F4645122-5605-4749-8DA2-ED5720E1EB8C">
    <linkSource sourcePageID="9FB19A10-6253-4D87-BE62-0C2815675A04" comID="4D1C050A-3E65-4262-A879-C351D7FCFCD5" comLinkType="cltPageLink"/>
    <linkSource sourcePageID="B8D90EAB-E024-4C9B-AB9D-5C55410D2598" comID="4D1C050A-3E65-4262-A879-C351D7FCFCD5" comLinkType="cltPageLink"/>
    <linkSource sourcePageID="C208847C-EA80-49BE-8455-1BE2EAAD9E9B" comID="4D1C050A-3E65-4262-A879-C351D7FCFCD5" comLinkType="cltPageLink"/>
  </page>
  <page ID="D2B3A421-428F-48A6-A979-8958EA415615">
    <linkSource sourcePageID="256E32C2-5A25-4266-839F-BA23E49C0749" comID="DAFBE6EA-9BB1-43A8-82DA-F2DFA1707A63" comLinkType="cltPageLink"/>
    <linkSource sourcePageID="D2B3A421-428F-48A6-A979-8958EA415615" comID="9D5604A3-1F07-4B8E-A679-4C018D93C276" comLinkType="cltPageLink"/>
    <linkSource sourcePageID="F4645122-5605-4749-8DA2-ED5720E1EB8C" comID="DAFBE6EA-9BB1-43A8-82DA-F2DFA1707A63" comLinkType="cltPageLink"/>
  </page>
  <page ID="9FB19A10-6253-4D87-BE62-0C2815675A04">
    <linkSource sourcePageID="256E32C2-5A25-4266-839F-BA23E49C0749" comID="4D1C050A-3E65-4262-A879-C351D7FCFCD5" comLinkType="cltPageLink"/>
    <linkSource sourcePageID="B8D90EAB-E024-4C9B-AB9D-5C55410D2598" comID="4D1C050A-3E65-4262-A879-C351D7FCFCD5" comLinkType="cltPageLink"/>
    <linkSource sourcePageID="F65F260C-B2BE-4BAA-8341-05F29EADC4CC" comID="4D1C050A-3E65-4262-A879-C351D7FCFCD5" comLinkType="cltPageLink"/>
    <linkSource sourcePageID="01A83861-01DA-4DCA-9289-2FFDCEB674A5" comID="4D1C050A-3E65-4262-A879-C351D7FCFCD5" comLinkType="cltPageLink"/>
    <linkSource sourcePageID="62AC21A7-ABB9-46F6-914D-29FFA8E9E482" comID="7C895EF1-39D5-4ACC-BDF1-9029D3ED4AB0" comLinkType="cltPageLink"/>
    <linkSource sourcePageID="51379549-5B01-4C8F-9B3A-47F0C8D80260" comID="4D1C050A-3E65-4262-A879-C351D7FCFCD5" comLinkType="cltPageLink"/>
    <linkSource sourcePageID="3C4CB93A-655E-4DE1-9C10-568558A1400D" comID="4D1C050A-3E65-4262-A879-C351D7FCFCD5" comLinkType="cltPageLink"/>
    <linkSource sourcePageID="3AB68994-3950-4AF4-BA36-DEC8C6236844" comID="7C895EF1-39D5-4ACC-BDF1-9029D3ED4AB0" comLinkType="cltPageLink"/>
    <linkSource sourcePageID="C208847C-EA80-49BE-8455-1BE2EAAD9E9B" comID="4D1C050A-3E65-4262-A879-C351D7FCFCD5" comLinkType="cltPageLink"/>
    <linkSource sourcePageID="802A4D7D-A4C1-4311-BAE5-CB9C4CD78DFA" comID="4D1C050A-3E65-4262-A879-C351D7FCFCD5" comLinkType="cltPageLink"/>
    <linkSource sourcePageID="1D788149-3630-48AE-B55C-67C09E4910A0" comID="2C342FD2-6C5F-4D12-8E7F-7B20B8102A9A" comLinkType="cltPageLink"/>
    <linkSource sourcePageID="D2B3A421-428F-48A6-A979-8958EA415615" comID="4D1C050A-3E65-4262-A879-C351D7FCFCD5" comLinkType="cltPageLink"/>
    <linkSource sourcePageID="14A4FE36-1199-4A89-A2E5-2038D96C4270" comID="4D1C050A-3E65-4262-A879-C351D7FCFCD5" comLinkType="cltPageLink"/>
    <linkSource sourcePageID="F4645122-5605-4749-8DA2-ED5720E1EB8C" comID="4D1C050A-3E65-4262-A879-C351D7FCFCD5" comLinkType="cltPageLink"/>
  </page>
  <page ID="B8D90EAB-E024-4C9B-AB9D-5C55410D2598">
    <linkSource sourcePageID="256E32C2-5A25-4266-839F-BA23E49C0749" comID="4D1C050A-3E65-4262-A879-C351D7FCFCD5" comLinkType="cltPageLink"/>
    <linkSource sourcePageID="9FB19A10-6253-4D87-BE62-0C2815675A04" comID="4D1C050A-3E65-4262-A879-C351D7FCFCD5" comLinkType="cltPageLink"/>
    <linkSource sourcePageID="F65F260C-B2BE-4BAA-8341-05F29EADC4CC" comID="4D1C050A-3E65-4262-A879-C351D7FCFCD5" comLinkType="cltPageLink"/>
    <linkSource sourcePageID="01A83861-01DA-4DCA-9289-2FFDCEB674A5" comID="4D1C050A-3E65-4262-A879-C351D7FCFCD5" comLinkType="cltPageLink"/>
    <linkSource sourcePageID="62AC21A7-ABB9-46F6-914D-29FFA8E9E482" comID="7C895EF1-39D5-4ACC-BDF1-9029D3ED4AB0" comLinkType="cltPageLink"/>
    <linkSource sourcePageID="51379549-5B01-4C8F-9B3A-47F0C8D80260" comID="4D1C050A-3E65-4262-A879-C351D7FCFCD5" comLinkType="cltPageLink"/>
    <linkSource sourcePageID="3C4CB93A-655E-4DE1-9C10-568558A1400D" comID="4D1C050A-3E65-4262-A879-C351D7FCFCD5" comLinkType="cltPageLink"/>
    <linkSource sourcePageID="3AB68994-3950-4AF4-BA36-DEC8C6236844" comID="7C895EF1-39D5-4ACC-BDF1-9029D3ED4AB0" comLinkType="cltPageLink"/>
    <linkSource sourcePageID="C208847C-EA80-49BE-8455-1BE2EAAD9E9B" comID="4D1C050A-3E65-4262-A879-C351D7FCFCD5" comLinkType="cltPageLink"/>
    <linkSource sourcePageID="802A4D7D-A4C1-4311-BAE5-CB9C4CD78DFA" comID="4D1C050A-3E65-4262-A879-C351D7FCFCD5" comLinkType="cltPageLink"/>
    <linkSource sourcePageID="1D788149-3630-48AE-B55C-67C09E4910A0" comID="2C342FD2-6C5F-4D12-8E7F-7B20B8102A9A" comLinkType="cltPageLink"/>
    <linkSource sourcePageID="D2B3A421-428F-48A6-A979-8958EA415615" comID="4D1C050A-3E65-4262-A879-C351D7FCFCD5" comLinkType="cltPageLink"/>
    <linkSource sourcePageID="A3A4D58B-DB6E-43C1-90DC-73859484DAC8" comID="37BD9604-7210-4FB2-A488-350F6C6343B5" comLinkType="cltPageLink"/>
    <linkSource sourcePageID="F4645122-5605-4749-8DA2-ED5720E1EB8C" comID="4D1C050A-3E65-4262-A879-C351D7FCFCD5" comLinkType="cltPageLink"/>
  </page>
  <page ID="14A4FE36-1199-4A89-A2E5-2038D96C4270">
    <linkSource sourcePageID="E872643A-1E0A-48AE-B4AD-A882C42431D9" comID="92E203F9-4674-4422-9DED-06AE21EF0432" comLinkType="cltPageLink"/>
  </page>
  <page ID="A3A4D58B-DB6E-43C1-90DC-73859484DAC8">
    <linkSource sourcePageID="14A4FE36-1199-4A89-A2E5-2038D96C4270" comID="4AFBEA09-6C19-4A7D-8511-C833E03EA562" comLinkType="cltPageLink"/>
  </page>
  <page ID="F65F260C-B2BE-4BAA-8341-05F29EADC4CC">
    <linkSource sourcePageID="256E32C2-5A25-4266-839F-BA23E49C0749" comID="4D1C050A-3E65-4262-A879-C351D7FCFCD5" comLinkType="cltPageLink"/>
    <linkSource sourcePageID="62AC21A7-ABB9-46F6-914D-29FFA8E9E482" comID="378F6B0F-FBD9-44B8-BFAE-90945F886535" comLinkType="cltPageLink"/>
    <linkSource sourcePageID="01A83861-01DA-4DCA-9289-2FFDCEB674A5" comID="D8D890CB-B18E-4E68-9889-81918017DE6A" comLinkType="cltPageLink"/>
    <linkSource sourcePageID="9FB19A10-6253-4D87-BE62-0C2815675A04" comID="4D1C050A-3E65-4262-A879-C351D7FCFCD5" comLinkType="cltPageLink"/>
    <linkSource sourcePageID="B8D90EAB-E024-4C9B-AB9D-5C55410D2598" comID="4D1C050A-3E65-4262-A879-C351D7FCFCD5" comLinkType="cltPageLink"/>
    <linkSource sourcePageID="802A4D7D-A4C1-4311-BAE5-CB9C4CD78DFA" comID="4D1C050A-3E65-4262-A879-C351D7FCFCD5" comLinkType="cltPageLink"/>
    <linkSource sourcePageID="1D788149-3630-48AE-B55C-67C09E4910A0" comID="2C342FD2-6C5F-4D12-8E7F-7B20B8102A9A" comLinkType="cltPageLink"/>
    <linkSource sourcePageID="D2B3A421-428F-48A6-A979-8958EA415615" comID="4D1C050A-3E65-4262-A879-C351D7FCFCD5" comLinkType="cltPageLink"/>
    <linkSource sourcePageID="34C7C64D-F175-4DA0-BE78-A28887A6B7BA" comID="9A502879-6043-4289-930E-020CBDD09BEA" comLinkType="cltPageLink"/>
    <linkSource sourcePageID="6A881EB9-0C98-452D-BDB1-2D05AA872A6E" comID="DA79DA48-8A29-40AB-ABAE-481AC61ABBD3" comLinkType="cltPageLink"/>
    <linkSource sourcePageID="14A4FE36-1199-4A89-A2E5-2038D96C4270" comID="4D1C050A-3E65-4262-A879-C351D7FCFCD5" comLinkType="cltPageLink"/>
    <linkSource sourcePageID="F4645122-5605-4749-8DA2-ED5720E1EB8C" comID="4D1C050A-3E65-4262-A879-C351D7FCFCD5" comLinkType="cltPageLink"/>
  </page>
  <page ID="34C7C64D-F175-4DA0-BE78-A28887A6B7BA">
    <linkSource sourcePageID="F65F260C-B2BE-4BAA-8341-05F29EADC4CC" comID="E2AC7FC8-7008-47F6-A570-A6556DC10B14" comLinkType="cltPageLink"/>
    <linkSource sourcePageID="6A881EB9-0C98-452D-BDB1-2D05AA872A6E" comID="378F6B0F-FBD9-44B8-BFAE-90945F886535" comLinkType="cltPageLink"/>
    <linkSource sourcePageID="51379549-5B01-4C8F-9B3A-47F0C8D80260" comID="88CE22C1-D098-4BDC-BA83-59356E18E47B" comLinkType="cltPageLink"/>
    <linkSource sourcePageID="A3A4D58B-DB6E-43C1-90DC-73859484DAC8" comID="37BD9604-7210-4FB2-A488-350F6C6343B5" comLinkType="cltPageLink"/>
  </page>
  <page ID="6A881EB9-0C98-452D-BDB1-2D05AA872A6E">
    <linkSource sourcePageID="34C7C64D-F175-4DA0-BE78-A28887A6B7BA" comID="13C79B3F-D5F5-4191-B383-3C9B98E12C07" comLinkType="cltPageLink"/>
  </page>
  <page ID="51379549-5B01-4C8F-9B3A-47F0C8D80260">
    <linkSource sourcePageID="3C4CB93A-655E-4DE1-9C10-568558A1400D" comID="D8D890CB-B18E-4E68-9889-81918017DE6A" comLinkType="cltPageLink"/>
    <linkSource sourcePageID="01A83861-01DA-4DCA-9289-2FFDCEB674A5" comID="D8D890CB-B18E-4E68-9889-81918017DE6A" comLinkType="cltPageLink"/>
    <linkSource sourcePageID="B8D90EAB-E024-4C9B-AB9D-5C55410D2598" comID="C4632F98-CF99-442D-818A-1939BBEF54B3" comLinkType="cltPageLink"/>
    <linkSource sourcePageID="14A4FE36-1199-4A89-A2E5-2038D96C4270" comID="5950A5D8-9431-4EC7-ACC3-B1E6FD3D7E91" comLinkType="cltPageLink"/>
    <linkSource sourcePageID="A3A4D58B-DB6E-43C1-90DC-73859484DAC8" comID="5950A5D8-9431-4EC7-ACC3-B1E6FD3D7E91" comLinkType="cltPageLink"/>
    <linkSource sourcePageID="14A4FE36-1199-4A89-A2E5-2038D96C4270" comID="683BBC3F-6775-4A5B-89CE-AE50DCD5302E" comLinkType="cltPageLink"/>
  </page>
  <page ID="01A83861-01DA-4DCA-9289-2FFDCEB674A5">
    <linkSource sourcePageID="62AC21A7-ABB9-46F6-914D-29FFA8E9E482" comID="378F6B0F-FBD9-44B8-BFAE-90945F886535" comLinkType="cltPageLink"/>
    <linkSource sourcePageID="F65F260C-B2BE-4BAA-8341-05F29EADC4CC" comID="F201A9B4-AE67-403E-BA8E-E28E1FA53557" comLinkType="cltPageLink"/>
    <linkSource sourcePageID="6A881EB9-0C98-452D-BDB1-2D05AA872A6E" comID="378F6B0F-FBD9-44B8-BFAE-90945F886535" comLinkType="cltPageLink"/>
  </page>
  <page ID="C208847C-EA80-49BE-8455-1BE2EAAD9E9B">
    <linkSource sourcePageID="51379549-5B01-4C8F-9B3A-47F0C8D80260" comID="F201A9B4-AE67-403E-BA8E-E28E1FA53557" comLinkType="cltPageLink"/>
    <linkSource sourcePageID="34C7C64D-F175-4DA0-BE78-A28887A6B7BA" comID="F201A9B4-AE67-403E-BA8E-E28E1FA53557" comLinkType="cltPageLink"/>
  </page>
  <page ID="62AC21A7-ABB9-46F6-914D-29FFA8E9E482">
    <linkSource sourcePageID="F65F260C-B2BE-4BAA-8341-05F29EADC4CC" comID="52727988-0310-4AC1-8970-8C3423FE654B" comLinkType="cltPageLink"/>
    <linkSource sourcePageID="01A83861-01DA-4DCA-9289-2FFDCEB674A5" comID="52727988-0310-4AC1-8970-8C3423FE654B" comLinkType="cltPageLink"/>
    <linkSource sourcePageID="C208847C-EA80-49BE-8455-1BE2EAAD9E9B" comID="52727988-0310-4AC1-8970-8C3423FE654B" comLinkType="cltPageLink"/>
    <linkSource sourcePageID="34C7C64D-F175-4DA0-BE78-A28887A6B7BA" comID="13C79B3F-D5F5-4191-B383-3C9B98E12C07" comLinkType="cltPageLink"/>
  </page>
</LinkSources>