﻿<mockup version="5.3" minAllowVersion="5.3" ID="B8D90EAB-E024-4C9B-AB9D-5C55410D2598" platform="MtWeb" defaultW="1200" defaultH="730" measureW="1200" measureH="730" mobileScreenScale="0">
  <controls controlCount="8">
    <control controlID="D09E4F4F-C3BD-4831-B0BA-47EBC686CD5E" controlTypeID="BrowserWindow" x="0" y="0" w="1200" h="730" zOrder="0">
      <color>533515468</color>
      <font family="Segoe+UI" displayName="Segoe+UI_%26_Bold" postScript="" weightStyle="Bold" weight="700" isBold="True" isItalic="False"/>
      <text>Mockplus%0D%0Ahttps%3A%2F%2Fwww.mockplus.com</text>
      <textSize>14</textSize>
      <textVAlign>VaTop</textVAlign>
      <lineSpacing>0</lineSpacing>
      <textStyles>[fsBold]</textStyles>
      <selectedIndex>-1</selectedIndex>
    </control>
    <control controlID="60834164-F6FE-4CCB-AF15-92CDBFCD851D" controlTypeID="Panel" x="420" y="83" w="360" h="608" zOrder="1">
      <groupChildrenDescriptors>
        <control controlID="8D56DC4D-04DC-4DE2-88B5-F599E640ACED" controlTypeID="Border" x="0" y="0" w="360" h="608" zOrder="0">
          <alias>borderLayer</alias>
          <thickness>3</thickness>
        </control>
      </groupChildrenDescriptors>
      <thinkness>3</thinkness>
    </control>
    <control controlID="1D48A47F-3206-46C9-85DC-27C792FD6F3A" controlTypeID="ImageCarousel" x="423" y="262" w="354" h="280" zOrder="2">
      <sizeLocked>True</sizeLocked>
      <ShadowBlur>0</ShadowBlur>
      <groupChildrenDescriptors>
        <control controlID="A5439581-FD9F-4886-80F0-FB266B12BD47" controlTypeID="ImageBackground" x="0" y="0" w="354" h="280" zOrder="0">
          <caption>amazon_logo</caption>
          <groupChildrenDescriptors/>
          <URL>B4F06C99320C50281A8B192F501CDD31.png</URL>
        </control>
        <control controlID="8A090375-F7FA-4E03-A539-4E6B34692A8F" controlTypeID="ImageBackground" x="0" y="0" w="354" h="280" zOrder="1">
          <caption>interior-view</caption>
          <groupChildrenDescriptors/>
          <URL>BC76A6E830B4FFBB81136DD68E713D70.png</URL>
        </control>
      </groupChildrenDescriptors>
      <aniType>spaSlide</aniType>
    </control>
    <control controlID="5950A5D8-9431-4EC7-ACC3-B1E6FD3D7E91" controlTypeID="Shape" x="434" y="194" w="333" h="45" zOrder="3">
      <borderVisible>False</borderVisible>
      <font family="Segoe+UI" displayName="Segoe+UI_%26_Bold" postScript="" weightStyle="Bold" weight="700" isBold="True" isItalic="False"/>
      <text>Insira+o+logotipo+e+fotos+do+ambiente+de+trabalho+da+sua+empresa%3A</text>
      <textSize>14</textSize>
      <textAlign>HaLeft</textAlign>
      <textVAlign>VaTop</textVAlign>
      <textStyles>[fsBold]</textStyles>
      <useDefaultTextSize>False</useDefaultTextSize>
      <selectedIndex>-1</selectedIndex>
      <radius>4</radius>
    </control>
    <control controlID="4AFBEA09-6C19-4A7D-8511-C833E03EA562" controlTypeID="Icon" x="576" y="585" w="47" h="47" zOrder="4">
      <color>4278190080</color>
      <links eventType="AtClick" animate="AmNone" animateAutoDelay="0" animateDuration="500">
        <link targetPageID="A3A4D58B-DB6E-43C1-90DC-73859484DAC8" linkType="ltPageLink" isApplyIncludePage="False" title="Perfil+inicial2">
          <area shape="0" alt="" ID="{5EDC6847-8E9F-432B-8FB4-0184587AEFC1}" coords="(0,0,47,47)"/>
        </link>
      </links>
      <icon>
        <ID/>
        <iconFontName>jdIonicons</iconFontName>
        <iconCode>62223</iconCode>
      </icon>
      <URL>84E43FD667F4EA128EEFBAD7B03B51F5.svg</URL>
    </control>
  </controls>
  <param>
    <backgroundColor>4294967295</backgroundColor>
    <fontSize>14</fontSize>
    <fontFamily>Segoe+UI</fontFamily>
    <guideLines/>
  </param>
</mockup>