﻿<mockup version="5.3" minAllowVersion="5.3" ID="AE1B261A-EF3D-4A3D-A5B5-D9F51A089EC1" platform="MtWeb" defaultW="1200" defaultH="730" measureW="1200" measureH="730" mobileScreenScale="0">
  <controls controlCount="17">
    <control controlID="D09E4F4F-C3BD-4831-B0BA-47EBC686CD5E" controlTypeID="BrowserWindow" x="0" y="0" w="1200" h="730" zOrder="0">
      <color>533515468</color>
      <font family="Segoe+UI" displayName="Segoe+UI_%26_Bold" postScript="" weightStyle="Bold" weight="700" isBold="True" isItalic="False"/>
      <text>Mockplus%0D%0Ahttps%3A%2F%2Fwww.mockplus.com</text>
      <textSize>14</textSize>
      <textVAlign>VaTop</textVAlign>
      <lineSpacing>0</lineSpacing>
      <textStyles>[fsBold]</textStyles>
      <selectedIndex>-1</selectedIndex>
    </control>
    <control controlID="DEEDDFEC-AA99-47CC-B79A-B816E1E603CA" controlTypeID="Panel" x="2" y="73" w="269" h="627" zOrder="1">
      <groupChildrenDescriptors>
        <control controlID="A2A34D52-DF73-44A5-B52C-97B3223230FA" controlTypeID="Border" x="0" y="0" w="269" h="627" zOrder="0">
          <alias>borderLayer</alias>
        </control>
      </groupChildrenDescriptors>
      <thinkness>1</thinkness>
    </control>
    <control controlID="50E3D1E9-AB19-4618-9C38-D907CFDB9926" controlTypeID="Panel" x="420" y="83" w="360" h="608" zOrder="2">
      <groupChildrenDescriptors>
        <control controlID="B50833D9-CB06-4553-BFC2-E283116B81C5" controlTypeID="Border" x="0" y="0" w="360" h="608" zOrder="0">
          <alias>borderLayer</alias>
          <thickness>3</thickness>
        </control>
      </groupChildrenDescriptors>
      <thinkness>3</thinkness>
    </control>
    <control controlID="114DBC03-CD7B-462E-AE99-27B5259340A3" controlTypeID="TextInput" x="450" y="107" w="291" h="24" zOrder="3">
      <borderVisible>False</borderVisible>
      <font family="Segoe+UI" displayName="Segoe+UI_%26_Bold" postScript="" weightStyle="Bold" weight="700" isBold="True" isItalic="False"/>
      <text>Descri%C3%A7%C3%A3o+do+perfil%3A</text>
      <lineSpacing>0</lineSpacing>
      <textStyles>[fsBold]</textStyles>
      <selectedIndex>-1</selectedIndex>
    </control>
    <control controlID="C321E9DB-B789-49AC-B149-5DFF22D5ED4D" controlTypeID="TextInput" x="450" y="136" w="291" h="85" zOrder="4">
      <font family="Segoe+UI" displayName="Segoe+UI" postScript="" weightStyle="Normal" weight="400" isBold="False" isItalic="False"/>
      <lineSpacing>0</lineSpacing>
      <selectedIndex>-1</selectedIndex>
      <radius>4</radius>
    </control>
    <control controlID="C9D6C71F-B307-4FC8-AAAF-4D7BD15A32EA" controlTypeID="TextInput" x="450" y="232" w="291" h="24" zOrder="5">
      <borderVisible>False</borderVisible>
      <font family="Segoe+UI" displayName="Segoe+UI_%26_Bold" postScript="" weightStyle="Bold" weight="700" isBold="True" isItalic="False"/>
      <text>Habilidades%3A</text>
      <lineSpacing>0</lineSpacing>
      <textStyles>[fsBold]</textStyles>
      <selectedIndex>-1</selectedIndex>
    </control>
    <control controlID="F1D63B0B-E38F-451D-B0DA-C4780F086451" controlTypeID="List" x="450" y="264" w="291" h="215" zOrder="6">
      <font family="Segoe+UI" displayName="Segoe+UI" postScript="" weightStyle="Normal" weight="400" isBold="False" isItalic="False"/>
      <text>%E2%80%A2+C%0D%0A%E2%80%A2+C%23%0D%0A%E2%80%A2+Django%0D%0A%E2%80%A2+Java%0D%0A%E2%80%A2+Linux%0D%0A%E2%80%A2+PHP%0D%0A%E2%80%A2+Python%0D%0A%E2%80%A2+R%0D%0A%E2%80%A2+SQL%0D%0A%E2%80%A2+Windows</text>
      <textSize>14</textSize>
      <lineSpacing>0</lineSpacing>
    </control>
    <control controlID="D4DE1068-8907-4F25-AA20-DC55E6E43A7B" controlTypeID="TextInput" x="450" y="496" w="291" h="24" zOrder="7">
      <borderVisible>False</borderVisible>
      <font family="Segoe+UI" displayName="Segoe+UI_%26_Bold" postScript="" weightStyle="Bold" weight="700" isBold="True" isItalic="False"/>
      <text>Links+adicionais%3A</text>
      <lineSpacing>0</lineSpacing>
      <textStyles>[fsBold]</textStyles>
      <selectedIndex>-1</selectedIndex>
    </control>
    <control controlID="775F616E-7526-4C86-B329-7319791BDF88" controlTypeID="Link" x="454" y="520" w="128" h="19" zOrder="8">
      <font family="Segoe+UI" displayName="Segoe+UI" postScript="" weightStyle="Normal" weight="400" isBold="False" isItalic="False"/>
      <text>github.com%2Fjoaosilva</text>
      <textSize>14</textSize>
      <lineSpacing>0</lineSpacing>
      <selectedIndex>-1</selectedIndex>
    </control>
    <control controlID="3823D1D4-C4A4-4BC2-9F12-1E9BB77E2907" controlTypeID="Link" x="454" y="549" w="136" h="19" zOrder="9">
      <font family="Segoe+UI" displayName="Segoe+UI" postScript="" weightStyle="Normal" weight="400" isBold="False" isItalic="False"/>
      <text>linkedin.com%2Fjoaosilva</text>
      <textSize>14</textSize>
      <lineSpacing>0</lineSpacing>
      <selectedIndex>-1</selectedIndex>
    </control>
    <control controlID="AA694451-187C-47E9-940D-DAF39E4074DC" controlTypeID="Link" x="454" y="578" w="209" h="19" zOrder="10">
      <font family="Segoe+UI" displayName="Segoe+UI" postScript="" weightStyle="Normal" weight="400" isBold="False" isItalic="False"/>
      <text>lattes.cnpq.br%2F1234567890123456</text>
      <textSize>14</textSize>
      <lineSpacing>0</lineSpacing>
      <selectedIndex>-1</selectedIndex>
    </control>
    <control controlID="053853E8-7080-489C-8562-23AF45422342" controlTypeID="Icon" x="572" y="620" w="47" h="47" zOrder="11">
      <links eventType="AtClick" animate="AmNone" animateAutoDelay="0" animateDuration="500">
        <link targetPageID="802A4D7D-A4C1-4311-BAE5-CB9C4CD78DFA" linkType="ltPageLink" isApplyIncludePage="False" title="Home">
          <area shape="0" alt="" ID="{3BB5F5E2-0E7B-4ECD-9D1B-53A426B8544A}" coords="(0,0,47,47)"/>
        </link>
      </links>
      <icon>
        <ID/>
        <iconFontName>jdIcoFont</iconFontName>
        <iconCode>58899</iconCode>
      </icon>
      <URL>107CA24696CCB983C66EFEF7877419B7.svg</URL>
    </control>
    <control controlID="2C342FD2-6C5F-4D12-8E7F-7B20B8102A9A" controlTypeID="List" x="3" y="149" w="267" h="81" zOrder="12">
      <borderVisible>False</borderVisible>
      <font family="Segoe+UI" displayName="Segoe+UI" postScript="" weightStyle="Normal" weight="400" isBold="False" isItalic="False"/>
      <text>Chat%0D%0APerfil%0D%0AVagas</text>
      <textSize>14</textSize>
      <lineSpacing>0</lineSpacing>
      <selectedIndex>-1</selectedIndex>
      <selectedTextColor>4294967295</selectedTextColor>
    </control>
    <control controlID="7B08D6D8-DB60-4BE7-B8AC-EB8D83AE7DDA" controlTypeID="LabelTextInput" x="70" y="95" w="87" h="24" zOrder="13">
      <borderVisible>False</borderVisible>
      <font family="Segoe+UI" displayName="Segoe+UI" postScript="" weightStyle="Normal" weight="400" isBold="False" isItalic="False"/>
      <text>Amazon</text>
      <textSize>14</textSize>
      <lineSpacing>0</lineSpacing>
      <selectedIndex>-1</selectedIndex>
    </control>
    <control controlID="FF2B09EE-CA46-49C3-9175-61365C7067D8" controlTypeID="Image" x="12" y="83" w="48" h="48" zOrder="14">
      <ShadowBlur>0</ShadowBlur>
      <URL>B4F06C99320C50281A8B192F501CDD31.png</URL>
    </control>
  </controls>
  <param>
    <backgroundColor>4294967295</backgroundColor>
    <fontSize>14</fontSize>
    <fontFamily>Segoe+UI</fontFamily>
    <guideLines/>
  </param>
</mockup>