﻿<mockup version="5.3" minAllowVersion="5.3" ID="29458027-2E1E-4207-BC32-A12FBDD03654" platform="MtWeb" defaultW="1200" defaultH="730" measureW="1200" measureH="730" mobileScreenScale="0">
  <controls controlCount="25">
    <control controlID="D09E4F4F-C3BD-4831-B0BA-47EBC686CD5E" controlTypeID="BrowserWindow" x="0" y="0" w="1200" h="730" zOrder="0">
      <color>533515468</color>
      <ShadowBlur>0</ShadowBlur>
      <font family="Segoe+UI" displayName="Segoe+UI_%26_Bold" postScript="" weightStyle="Bold" weight="700" isBold="True" isItalic="False"/>
      <text>Mockplus%0D%0Ahttps%3A%2F%2Fwww.mockplus.com</text>
      <textSize>14</textSize>
      <textVAlign>VaTop</textVAlign>
      <lineSpacing>0</lineSpacing>
      <textStyles>[fsBold]</textStyles>
      <selectedIndex>-1</selectedIndex>
    </control>
    <control controlID="DEEDDFEC-AA99-47CC-B79A-B816E1E603CA" controlTypeID="Panel" x="2" y="73" w="269" h="627" zOrder="1">
      <ShadowBlur>0</ShadowBlur>
      <groupChildrenDescriptors>
        <control controlID="A2A34D52-DF73-44A5-B52C-97B3223230FA" controlTypeID="Border" x="0" y="0" w="269" h="627" zOrder="0">
          <alias>borderLayer</alias>
          <ShadowBlur>0</ShadowBlur>
        </control>
      </groupChildrenDescriptors>
      <thinkness>1</thinkness>
    </control>
    <control controlID="A0611401-1B04-47F6-BC78-1C2D892F3BD5" controlTypeID="Image" x="12" y="83" w="48" h="48" zOrder="2">
      <ShadowBlur>0</ShadowBlur>
      <URL>5C9792CF275AF94FA100139FB8C4D2D6.jpg</URL>
    </control>
    <control controlID="A6C4FEB6-91B2-4AA9-B0F7-B8608AE7C2CC" controlTypeID="LabelTextInput" x="70" y="95" w="87" h="24" zOrder="3">
      <borderVisible>False</borderVisible>
      <ShadowBlur>0</ShadowBlur>
      <font family="Segoe+UI" displayName="Segoe+UI" postScript="" weightStyle="Normal" weight="400" isBold="False" isItalic="False"/>
      <text>Jo%C3%A3o+Silva</text>
      <textSize>14</textSize>
      <lineSpacing>0</lineSpacing>
      <selectedIndex>-1</selectedIndex>
    </control>
    <control controlID="4D1C050A-3E65-4262-A879-C351D7FCFCD5" controlTypeID="List" x="3" y="149" w="267" h="54" zOrder="4">
      <borderVisible>False</borderVisible>
      <ShadowBlur>0</ShadowBlur>
      <links eventType="AtClick" animate="AmNone" animateAutoDelay="0" animateDuration="500">
        <link targetPageID="25F0749A-323E-47F0-9F8E-6C280DF59370" linkType="ltPageLink" isApplyIncludePage="False" title="Home">
          <area shape="0" alt="" ID="{F5558AF2-7A70-4F18-84F5-818E0E21DDB6}" coords="(0,0,267,25)"/>
        </link>
        <link targetPageID="" linkType="ltPageLink" isApplyIncludePage="False" title="Perfil">
          <area shape="0" alt="" ID="{2F86427A-76FC-484B-8956-4E336E34F209}" coords="(0,25,267,50)"/>
        </link>
      </links>
      <font family="Segoe+UI" displayName="Segoe+UI" postScript="" weightStyle="Normal" weight="400" isBold="False" isItalic="False"/>
      <text>Home%0D%0APerfil</text>
      <textSize>14</textSize>
      <lineSpacing>0</lineSpacing>
      <selectedIndex>-1</selectedIndex>
      <selectedTextColor>4294967295</selectedTextColor>
    </control>
    <control controlID="EA11759E-826B-403A-80BF-BE916A60F389" controlTypeID="HRule" x="3" y="213" w="267" h="12" zOrder="5">
      <ShadowBlur>0</ShadowBlur>
    </control>
    <control controlID="FF7E85EC-4740-407C-B201-1D7590866737" controlTypeID="Search" x="3" y="221" w="267" h="27" zOrder="6">
      <ShadowBlur>0</ShadowBlur>
      <font family="Segoe+UI" displayName="Segoe+UI" postScript="" weightStyle="Normal" weight="400" isBold="False" isItalic="False"/>
      <text>Buscar+vagas</text>
      <textSize>14</textSize>
      <textVAlign>VaTop</textVAlign>
      <lineSpacing>0</lineSpacing>
      <selectedIndex>-1</selectedIndex>
    </control>
    <control controlID="0742AFB1-DB97-4560-AF87-AF516D795F54" controlTypeID="__group__" x="271" y="73" w="929" h="627" zOrder="7">
      <ShadowBlur>0</ShadowBlur>
      <groupChildrenDescriptors>
        <control controlID="60834164-F6FE-4CCB-AF15-92CDBFCD851D" controlTypeID="Panel" x="0" y="0" w="929" h="627" zOrder="0">
          <borderColor>4278190080</borderColor>
          <ShadowBlur>0</ShadowBlur>
          <groupChildrenDescriptors>
            <control controlID="8D56DC4D-04DC-4DE2-88B5-F599E640ACED" controlTypeID="Border" x="0" y="0" w="929" h="627" zOrder="0">
              <borderColor>4278190080</borderColor>
              <alias>borderLayer</alias>
              <ShadowBlur>0</ShadowBlur>
              <thickness>3</thickness>
            </control>
          </groupChildrenDescriptors>
          <thinkness>3</thinkness>
        </control>
        <control controlID="1996088C-1EDB-4871-8AAE-16AF5B987B94" controlTypeID="Image" x="22" y="510" w="48" h="48" zOrder="1">
          <ShadowBlur>0</ShadowBlur>
          <URL>1E39E1B5069155764FAD6DFA6DF27517.jpg</URL>
        </control>
        <control controlID="CD052225-00C2-4E30-899F-3301B5D1E242" controlTypeID="Image" x="22" y="372" w="48" h="48" zOrder="2">
          <ShadowBlur>0</ShadowBlur>
          <URL>1E39E1B5069155764FAD6DFA6DF27517.jpg</URL>
        </control>
        <control controlID="6905B8A8-87E3-4426-9396-938BD3DAE34C" controlTypeID="Button" x="847" y="587" w="70" h="28" zOrder="3">
          <color>2966211788</color>
          <borderVisible>False</borderVisible>
          <ShadowBlur>0</ShadowBlur>
          <font family="Segoe+UI" displayName="Segoe+UI_%26_Bold" postScript="" weightStyle="Bold" weight="700" isBold="True" isItalic="False"/>
          <text>ENVIAR</text>
          <textColor>4294967295</textColor>
          <lineSpacing>0</lineSpacing>
          <textStyles>[fsBold]</textStyles>
          <selectedIndex>-1</selectedIndex>
          <radius>14</radius>
        </control>
        <control controlID="1F17766E-D871-4862-8A8E-C4462AD0B9EC" controlTypeID="HRule" x="3" y="569" w="926" h="12" zOrder="4">
          <ShadowBlur>0</ShadowBlur>
          <thickness>1</thickness>
        </control>
        <control controlID="E6391670-63C0-423F-A357-FBA591AFCF0D" controlTypeID="TextInput" x="80" y="328" w="579" h="24" zOrder="5">
          <color>1305267404</color>
          <borderVisible>False</borderVisible>
          <ShadowBlur>0</ShadowBlur>
          <font family="Segoe+UI" displayName="Segoe+UI" postScript="" weightStyle="Normal" weight="400" isBold="False" isItalic="False"/>
          <text>Gostamos+do+seu+perfil+e+gostar%C3%ADamos+de+entrevist%C3%A1-lo+para+a+vaga+de+analista+de+dados.</text>
          <lineSpacing>0</lineSpacing>
          <selectedIndex>-1</selectedIndex>
          <radius>12</radius>
        </control>
        <control controlID="D0D9C8C5-D502-4426-B5FB-058175D83812" controlTypeID="TextInput" x="80" y="294" w="96" h="24" zOrder="6">
          <states>
            <state propName="IsShow" stateType="state_mouseOver" isChecked="True" value="True" varType="11"/>
          </states>
          <color>1305267404</color>
          <borderVisible>False</borderVisible>
          <ShadowBlur>0</ShadowBlur>
          <font family="Segoe+UI" displayName="Segoe+UI" postScript="" weightStyle="Normal" weight="400" isBold="False" isItalic="False"/>
          <text>Ol%C3%A1%2C+Jo%C3%A3o!</text>
          <lineSpacing>0</lineSpacing>
          <selectedIndex>-1</selectedIndex>
          <radius>12</radius>
        </control>
        <control controlID="361CCCA3-527D-4813-8C57-608492643727" controlTypeID="TextInput" x="80" y="362" w="333" h="24" zOrder="7">
          <color>1305267404</color>
          <borderVisible>False</borderVisible>
          <ShadowBlur>0</ShadowBlur>
          <font family="Segoe+UI" displayName="Segoe+UI" postScript="" weightStyle="Normal" weight="400" isBold="False" isItalic="False"/>
          <text>A+entrevista+seria+realizada+online%2C+via+Hangouts.</text>
          <lineSpacing>0</lineSpacing>
          <selectedIndex>-1</selectedIndex>
          <radius>12</radius>
        </control>
        <control controlID="EFDDDCCF-51EA-46B4-B1E1-6474D157C638" controlTypeID="TextInput" x="80" y="396" w="362" h="24" zOrder="8">
          <color>1305267404</color>
          <borderVisible>False</borderVisible>
          <ShadowBlur>0</ShadowBlur>
          <font family="Segoe+UI" displayName="Segoe+UI" postScript="" weightStyle="Normal" weight="400" isBold="False" isItalic="False"/>
          <text>Qual+dia+e+hor%C3%A1rio+voc%C3%AA+est%C3%A1+dispon%C3%ADvel+esta+semana%3F</text>
          <lineSpacing>0</lineSpacing>
          <selectedIndex>-1</selectedIndex>
          <radius>12</radius>
        </control>
        <control controlID="ADC9BFA3-0A50-412E-AEE0-404CE973C224" controlTypeID="TextInput" x="842" y="430" w="57" h="24" zOrder="9">
          <color>4282501083</color>
          <borderVisible>False</borderVisible>
          <ShadowBlur>0</ShadowBlur>
          <font family="Segoe+UI" displayName="Segoe+UI" postScript="" weightStyle="Normal" weight="400" isBold="False" isItalic="False"/>
          <text>Ol%C3%A1!</text>
          <textColor>4294967295</textColor>
          <lineSpacing>0</lineSpacing>
          <selectedIndex>-1</selectedIndex>
          <radius>12</radius>
        </control>
        <control controlID="12E8F227-5C00-4078-A1FF-CAA5FCA32FAA" controlTypeID="TextInput" x="541" y="464" w="358" h="24" zOrder="10">
          <color>4282501083</color>
          <borderVisible>False</borderVisible>
          <ShadowBlur>0</ShadowBlur>
          <font family="Segoe+UI" displayName="Segoe+UI" postScript="" weightStyle="Normal" weight="400" isBold="False" isItalic="False"/>
          <text>O+melhor+hor%C3%A1rio+para+mim+seria+quarta-feira+%C3%A0s+17h</text>
          <textColor>4294967295</textColor>
          <lineSpacing>0</lineSpacing>
          <selectedIndex>-1</selectedIndex>
          <radius>12</radius>
        </control>
        <control controlID="5C13819B-B315-4ABA-A8BE-F579AD82BC75" controlTypeID="TextInput" x="80" y="500" w="134" h="24" zOrder="11">
          <color>1305267404</color>
          <borderVisible>False</borderVisible>
          <ShadowBlur>0</ShadowBlur>
          <font family="Segoe+UI" displayName="Segoe+UI" postScript="" weightStyle="Normal" weight="400" isBold="False" isItalic="False"/>
          <text>Ok%2C+combinado!</text>
          <lineSpacing>0</lineSpacing>
          <selectedIndex>-1</selectedIndex>
          <radius>12</radius>
        </control>
        <control controlID="5CA13134-6092-4F3D-AAB8-648191A60929" controlTypeID="TextInput" x="80" y="534" w="104" h="24" zOrder="12">
          <color>1305267404</color>
          <borderVisible>False</borderVisible>
          <ShadowBlur>0</ShadowBlur>
          <font family="Segoe+UI" displayName="Segoe+UI" postScript="" weightStyle="Normal" weight="400" isBold="False" isItalic="False"/>
          <text>At%C3%A9+quarta.</text>
          <lineSpacing>0</lineSpacing>
          <selectedIndex>-1</selectedIndex>
          <radius>12</radius>
        </control>
        <control controlID="36BD17D9-8FFD-45C8-A3C3-950CDCB2265F" controlTypeID="TextInput" x="22" y="585" w="807" h="33" zOrder="13">
          <borderColor>4292664540</borderColor>
          <ShadowBlur>0</ShadowBlur>
          <font family="Segoe+UI" displayName="Segoe+UI" postScript="" weightStyle="Normal" weight="400" isBold="False" isItalic="False"/>
          <lineSpacing>0</lineSpacing>
          <selectedIndex>-1</selectedIndex>
          <placeHolder>Digite+uma+mensagem</placeHolder>
          <radius>12</radius>
        </control>
      </groupChildrenDescriptors>
    </control>
    <control controlID="5032288A-9947-4199-8292-8F3FE56EB668" controlTypeID="List" x="3" y="249" w="268" h="400" zOrder="8">
      <ShadowBlur>0</ShadowBlur>
      <links eventType="AtClick" animate="AmNone" animateAutoDelay="0" animateDuration="500">
        <link targetPageID="1DB9E231-C24D-4B30-A7A1-B5D19BB46002" linkType="ltPageLink" isApplyIncludePage="False" title="Cientista+de+dados+-+IBM">
          <area shape="0" alt="" ID="{F705A0FA-012F-449F-8091-D0B7FA8FCAAD}" coords="(1,1,267,26)"/>
        </link>
        <link targetPageID="" linkType="ltPageLink" isApplyIncludePage="False" title="Analista+de+dados+-+Google">
          <area shape="0" alt="" ID="{5ABAF555-D056-466A-ABB5-FCAEF72DEAC5}" coords="(1,26,267,51)"/>
        </link>
      </links>
      <font family="Segoe+UI" displayName="Segoe+UI" postScript="" weightStyle="Normal" weight="400" isBold="False" isItalic="False"/>
      <text>Cientista+de+dados+-+IBM%0D%0AAnalista+de+dados+-+Google</text>
      <textSize>14</textSize>
      <lineSpacing>0</lineSpacing>
      <selectedIndex>1</selectedIndex>
    </control>
  </controls>
  <param>
    <backgroundColor>4294967295</backgroundColor>
    <fontSize>14</fontSize>
    <fontFamily>Segoe+UI</fontFamily>
    <guideLines/>
  </param>
</mockup>