﻿<mockup version="5.3" minAllowVersion="5.3" ID="F65F260C-B2BE-4BAA-8341-05F29EADC4CC" platform="MtWeb" defaultW="1200" defaultH="730" measureW="1200" measureH="730" mobileScreenScale="0">
  <controls controlCount="24">
    <control controlID="D09E4F4F-C3BD-4831-B0BA-47EBC686CD5E" controlTypeID="BrowserWindow" x="0" y="0" w="1200" h="730" zOrder="0">
      <color>533515468</color>
      <font family="Segoe+UI" displayName="Segoe+UI_%26_Bold" postScript="" weightStyle="Bold" weight="700" isBold="True" isItalic="False"/>
      <text>Mockplus%0D%0Ahttps%3A%2F%2Fwww.mockplus.com</text>
      <textSize>14</textSize>
      <textVAlign>VaTop</textVAlign>
      <lineSpacing>0</lineSpacing>
      <textStyles>[fsBold]</textStyles>
      <selectedIndex>-1</selectedIndex>
    </control>
    <control controlID="DEEDDFEC-AA99-47CC-B79A-B816E1E603CA" controlTypeID="Panel" x="2" y="73" w="269" h="627" zOrder="1">
      <groupChildrenDescriptors>
        <control controlID="A2A34D52-DF73-44A5-B52C-97B3223230FA" controlTypeID="Border" x="0" y="0" w="269" h="627" zOrder="0">
          <alias>borderLayer</alias>
        </control>
      </groupChildrenDescriptors>
      <thinkness>1</thinkness>
    </control>
    <control controlID="A6C4FEB6-91B2-4AA9-B0F7-B8608AE7C2CC" controlTypeID="LabelTextInput" x="70" y="95" w="87" h="24" zOrder="2">
      <borderVisible>False</borderVisible>
      <font family="Segoe+UI" displayName="Segoe+UI" postScript="" weightStyle="Normal" weight="400" isBold="False" isItalic="False"/>
      <text>Amazon</text>
      <textSize>14</textSize>
      <lineSpacing>0</lineSpacing>
      <selectedIndex>-1</selectedIndex>
    </control>
    <control controlID="4D1C050A-3E65-4262-A879-C351D7FCFCD5" controlTypeID="List" x="3" y="149" w="267" h="81" zOrder="3">
      <borderVisible>False</borderVisible>
      <font family="Segoe+UI" displayName="Segoe+UI" postScript="" weightStyle="Normal" weight="400" isBold="False" isItalic="False"/>
      <text>Chat%0D%0AHome%0D%0APerfil</text>
      <textSize>14</textSize>
      <lineSpacing>0</lineSpacing>
      <selectedIndex>-1</selectedIndex>
      <selectedTextColor>4294967295</selectedTextColor>
    </control>
    <control controlID="C4988245-740C-4541-B492-8563282FCBDB" controlTypeID="Image" x="12" y="83" w="48" h="48" zOrder="4">
      <ShadowBlur>0</ShadowBlur>
      <URL>B4F06C99320C50281A8B192F501CDD31.png</URL>
    </control>
    <control controlID="7D553971-7FD1-4F91-850A-6D262C73E87B" controlTypeID="Search" x="3" y="230" w="267" h="27" zOrder="5">
      <ShadowBlur>0</ShadowBlur>
      <font family="Segoe+UI" displayName="Segoe+UI" postScript="" weightStyle="Normal" weight="400" isBold="False" isItalic="False"/>
      <text>Buscar+vagas</text>
      <textSize>14</textSize>
      <textVAlign>VaTop</textVAlign>
      <lineSpacing>0</lineSpacing>
      <selectedIndex>-1</selectedIndex>
    </control>
    <control controlID="CC45DA3F-180C-4451-83F1-05F7BABC17F6" controlTypeID="HRule" x="3" y="219" w="267" h="12" zOrder="6">
      <ShadowBlur>0</ShadowBlur>
    </control>
    <control controlID="504C244E-5C2F-41D9-A4E3-AAA0A4FB2BC8" controlTypeID="HRule" x="3" y="255" w="267" h="12" zOrder="7">
      <ShadowBlur>0</ShadowBlur>
    </control>
    <control controlID="F201A9B4-AE67-403E-BA8E-E28E1FA53557" controlTypeID="List" x="2" y="261" w="268" h="400" zOrder="8">
      <ShadowBlur>0</ShadowBlur>
      <font family="Segoe+UI" displayName="Segoe+UI" postScript="" weightStyle="Normal" weight="400" isBold="False" isItalic="False"/>
      <text>Cientista+de+dados%0D%0AEngenheiro+de+Software%0D%0ADesenvolvedor+Full-Stack%0D%0A+</text>
      <textSize>14</textSize>
      <lineSpacing>0</lineSpacing>
      <selectedIndex>-1</selectedIndex>
    </control>
    <control controlID="A39AA1FC-96EA-40DB-B681-AA0A4310075F" controlTypeID="Icon" x="233" y="313" w="22" h="22" zOrder="9">
      <color>4294901760</color>
      <icon>
        <ID/>
        <iconFontName>jdiconfontA</iconFontName>
        <iconCode>59696</iconCode>
      </icon>
      <URL>08FC0D91044DEDABA8DD1CE81702C98F.svg</URL>
    </control>
    <control controlID="54FE5C36-F759-45E0-854B-032A4C8DF661" controlTypeID="Icon" x="233" y="262" w="22" h="22" zOrder="10">
      <color>4294901760</color>
      <icon>
        <ID/>
        <iconFontName>jdiconfontA</iconFontName>
        <iconCode>59698</iconCode>
      </icon>
      <URL>21646354014E94DDDD1FB998F4A2179E.svg</URL>
    </control>
    <control controlID="9A502879-6043-4289-930E-020CBDD09BEA" controlTypeID="Icon" x="307" y="95" w="47" h="47" zOrder="11">
      <color>4294901760</color>
      <links eventType="AtClick" animate="AmNone" animateAutoDelay="0" animateDuration="500">
        <link targetPageID="F65F260C-B2BE-4BAA-8341-05F29EADC4CC" linkType="ltPageLink" isApplyIncludePage="False" title="Vagas">
          <area shape="0" alt="" ID="{11D4A0DF-E944-4537-91F1-1F126796B877}" coords="(0,0,47,47)"/>
        </link>
      </links>
      <icon>
        <ID/>
        <iconFontName>jdIonicons</iconFontName>
        <iconCode>62318</iconCode>
      </icon>
      <URL>DB7FC814F441C17601BBA7EA29C0CC4C.svg</URL>
    </control>
    <control controlID="9888B98E-4217-4DE5-B608-39CBB338E85B" controlTypeID="Panel" x="420" y="83" w="360" h="608" zOrder="12">
      <groupChildrenDescriptors>
        <control controlID="02FF555B-BC63-4454-95C8-284FE3128C2F" controlTypeID="Border" x="0" y="0" w="360" h="608" zOrder="0">
          <alias>borderLayer</alias>
          <thickness>3</thickness>
        </control>
      </groupChildrenDescriptors>
      <thinkness>3</thinkness>
    </control>
    <control controlID="BFA9C3F5-BF06-469B-BF79-6EF99A66DA86" controlTypeID="__group__" x="420" y="86" w="357" h="575" zOrder="13">
      <groupChildrenDescriptors>
        <control controlID="13C79B3F-D5F5-4191-B383-3C9B98E12C07" controlTypeID="Icon" x="28" y="551" w="24" h="24" zOrder="0">
          <links eventType="AtClick" animate="AmNone" animateAutoDelay="0" animateDuration="500">
            <link targetPageID="6A881EB9-0C98-452D-BDB1-2D05AA872A6E" linkType="ltPageLink" isApplyIncludePage="False" title="Adicionar+Vaga2">
              <area shape="0" alt="" ID="{5808210F-3715-4400-B790-4F5D0F9620A4}" coords="(0,0,24,24)"/>
            </link>
          </links>
          <icon>
            <ID/>
            <iconFontName>jdIonicons</iconFontName>
            <iconCode>61731</iconCode>
          </icon>
          <URL>01C687310F9F3CD70AEFE872B950F27F.svg</URL>
        </control>
        <control controlID="1E06945A-8C99-4304-BCD1-580DDED9C3FF" controlTypeID="ImageCarousel" x="3" y="0" w="354" h="280" zOrder="1">
          <sizeLocked>True</sizeLocked>
          <ShadowBlur>0</ShadowBlur>
          <groupChildrenDescriptors/>
          <selectedIndex>-1</selectedIndex>
          <aniType>spaSlide</aniType>
        </control>
        <control controlID="50A6DD4D-47DE-4047-9081-42B2BAB18FA2" controlTypeID="LabelTextInput" x="13" y="280" w="336" h="37" zOrder="2">
          <borderColor>4278190080</borderColor>
          <borderVisible>False</borderVisible>
          <opacity>0.600000023841858</opacity>
          <ShadowBlur>0</ShadowBlur>
          <font family="Segoe+UI" displayName="Segoe+UI" postScript="" weightStyle="Normal" weight="400" isBold="False" isItalic="False" useDefaultFontFamily="False"/>
          <text>Amazon%2C+++Nome+da+vaga</text>
          <textSize>22</textSize>
          <lineSpacing>0</lineSpacing>
          <useDefaultTextSize>False</useDefaultTextSize>
          <selectedIndex>-1</selectedIndex>
          <radius>10</radius>
        </control>
        <control controlID="BF6B5E32-32F7-4F1D-8D01-2CB06CE9D9CB" controlTypeID="LabelTextInput" x="18" y="335" w="280" h="24" zOrder="3">
          <borderVisible>False</borderVisible>
          <ShadowBlur>0</ShadowBlur>
          <font family="Segoe+UI" displayName="Segoe+UI" postScript="" weightStyle="Normal" weight="400" isBold="False" isItalic="False"/>
          <text>Descri%C3%A7%C3%A3o+da+vaga%3A</text>
          <textSize>14</textSize>
          <lineSpacing>0</lineSpacing>
          <selectedIndex>-1</selectedIndex>
        </control>
        <control controlID="8EFF8D08-7CE1-46CA-A514-72643326C020" controlTypeID="TextArea" x="36" y="359" w="288" h="158" zOrder="4">
          <ShadowBlur>0</ShadowBlur>
          <font family="Segoe+UI" displayName="Segoe+UI" postScript="" weightStyle="Normal" weight="400" isBold="False" isItalic="False"/>
          <selectedIndex>-1</selectedIndex>
        </control>
        <control controlID="A61972AC-8EE7-4388-954F-1551A5BD3545" controlTypeID="Line" x="3" y="320" w="354" h="1" zOrder="5">
          <ShadowBlur>0</ShadowBlur>
          <font family="Segoe+UI" displayName="Segoe+UI" postScript="" weightStyle="Normal" weight="400" isBold="False" isItalic="False"/>
          <textSize>14</textSize>
          <lineSpacing>0</lineSpacing>
          <selectedIndex>-1</selectedIndex>
          <controlPoint>(177,0)</controlPoint>
          <startPoint>(0,0)</startPoint>
          <endPoint>(354,0)</endPoint>
        </control>
        <control controlID="4A2F26A4-1831-4111-9239-38C8D354F161" controlTypeID="Line" x="105" y="282" w="1" h="38" zOrder="6">
          <ShadowBlur>0</ShadowBlur>
          <font family="Segoe+UI" displayName="Segoe+UI" postScript="" weightStyle="Normal" weight="400" isBold="False" isItalic="False"/>
          <textSize>14</textSize>
          <lineSpacing>0</lineSpacing>
          <selectedIndex>-1</selectedIndex>
          <controlPoint>(0,19)</controlPoint>
          <startPoint>(0,0)</startPoint>
          <endPoint>(0,38)</endPoint>
        </control>
        <control controlID="0408CE9D-5252-47BA-91C2-DF3F50B2CDD7" controlTypeID="Line" x="0" y="282" w="356" h="1" zOrder="7">
          <ShadowBlur>0</ShadowBlur>
          <font family="Segoe+UI" displayName="Segoe+UI" postScript="" weightStyle="Normal" weight="400" isBold="False" isItalic="False"/>
          <textSize>14</textSize>
          <lineSpacing>0</lineSpacing>
          <selectedIndex>-1</selectedIndex>
          <controlPoint>(178,0)</controlPoint>
          <startPoint>(0,0)</startPoint>
          <endPoint>(356,0)</endPoint>
        </control>
      </groupChildrenDescriptors>
    </control>
  </controls>
  <param>
    <backgroundColor>4294967295</backgroundColor>
    <fontSize>14</fontSize>
    <fontFamily>Segoe+UI</fontFamily>
    <guideLines/>
  </param>
</mockup>