﻿<mockup version="5.3" minAllowVersion="5.3" ID="42582A35-0CA0-4936-836B-E8B9D79E6095" platform="MtWeb" defaultW="1200" defaultH="730" measureW="1200" measureH="730" mobileScreenScale="0">
  <controls controlCount="17">
    <control controlID="D09E4F4F-C3BD-4831-B0BA-47EBC686CD5E" controlTypeID="BrowserWindow" x="0" y="0" w="1200" h="730" zOrder="0">
      <color>533515468</color>
      <ShadowBlur>0</ShadowBlur>
      <font family="Segoe+UI" displayName="Segoe+UI_%26_Bold" postScript="" weightStyle="Bold" weight="700" isBold="True" isItalic="False"/>
      <text>Mockplus%0D%0Ahttps%3A%2F%2Fwww.mockplus.com</text>
      <textSize>14</textSize>
      <textVAlign>VaTop</textVAlign>
      <lineSpacing>0</lineSpacing>
      <textStyles>[fsBold]</textStyles>
      <selectedIndex>-1</selectedIndex>
    </control>
    <control controlID="60834164-F6FE-4CCB-AF15-92CDBFCD851D" controlTypeID="Panel" x="420" y="83" w="360" h="608" zOrder="1">
      <ShadowBlur>0</ShadowBlur>
      <groupChildrenDescriptors>
        <control controlID="8D56DC4D-04DC-4DE2-88B5-F599E640ACED" controlTypeID="Border" x="0" y="0" w="360" h="608" zOrder="0">
          <alias>borderLayer</alias>
          <ShadowBlur>0</ShadowBlur>
          <thickness>3</thickness>
        </control>
      </groupChildrenDescriptors>
      <thinkness>3</thinkness>
    </control>
    <control controlID="27177478-C984-43EF-874F-38D39FDFCF78" controlTypeID="LabelTextInput" x="447" y="108" w="280" h="24" zOrder="2">
      <borderVisible>False</borderVisible>
      <ShadowBlur>0</ShadowBlur>
      <font family="Segoe+UI" displayName="Segoe+UI_%26_Bold" postScript="" weightStyle="Bold" weight="700" isBold="True" isItalic="False"/>
      <text>Descri%C3%A7%C3%A3o+da+vaga%3A</text>
      <textSize>14</textSize>
      <lineSpacing>0</lineSpacing>
      <textStyles>[fsBold]</textStyles>
      <selectedIndex>-1</selectedIndex>
    </control>
    <control controlID="BB93632B-0FCF-4475-8987-F7A9B43D1F4B" controlTypeID="TextArea" x="465" y="132" w="288" h="291" zOrder="3">
      <ShadowBlur>0</ShadowBlur>
      <font family="Segoe+UI" displayName="Segoe+UI" postScript="" weightStyle="Normal" weight="400" isBold="False" isItalic="False"/>
      <text>%E2%80%A2+Interessado+em+tornar+o+Amazon+Echo+mais+intuitivo%3F+Ajude-nos+a+personalizar+a+Alexa+para+cada+um+dos+nossos+clientes.+A+equipe+de+ID+de+Alto-falante+(reconhecimento+de+voz)+permite+que+a+Alexa+forne%C3%A7a+experi%C3%AAncia+personalizada+para+milh%C3%B5es+de+clientes+Alexa.%0D%0A%0D%0A%E2%80%A2+Nossa+miss%C3%A3o+%C3%A9+fazer+com+que+os+dispositivos+Alexa+se+tornem+seus+melhores+amigos%2C+reconhecendo+sua+voz+com+confian%C3%A7a.+No+n%C3%BAcleo%2C+usamos+modelos+de+redes+estat%C3%ADsticas+e+neurais+para+fazer+a+m%C3%A1gica+acontecer.+N%C3%B3s+somos+os+c%C3%A9rebros+por+tr%C3%A1s+de+%22Alexa%2C+quem+sou+eu%3F%22+%22Echo%2C+ligue+para+minha+m%C3%A3e%3F%22+E+muito+mais.+Ajudamos+milh%C3%B5es+de+clientes+Alexa+a+obter+experi%C3%AAncia+personalizada+24+horas+por+dia%2C+7+dias+por+semana.+%0D%0A+</text>
      <textSize>13</textSize>
      <useDefaultTextSize>False</useDefaultTextSize>
      <selectedIndex>-1</selectedIndex>
    </control>
    <control controlID="8AA606D9-1D09-439A-BDAB-6DD3F7C528A6" controlTypeID="TextInput" x="447" y="426" w="291" h="24" zOrder="4">
      <borderVisible>False</borderVisible>
      <font family="Segoe+UI" displayName="Segoe+UI_%26_Bold" postScript="" weightStyle="Bold" weight="700" isBold="True" isItalic="False"/>
      <text>Requisitos%3A</text>
      <lineSpacing>0</lineSpacing>
      <textStyles>[fsBold]</textStyles>
      <selectedIndex>-1</selectedIndex>
    </control>
    <control controlID="8D5127EF-7C3E-4706-A5AD-34709613980A" controlTypeID="List" x="454" y="450" w="299" h="224" zOrder="5">
      <font family="Segoe+UI" displayName="Segoe+UI" postScript="" weightStyle="Normal" weight="400" isBold="False" isItalic="False"/>
      <text>%E2%80%A2+Python%0D%0A%E2%80%A2+Linux%0D%0A%E2%80%A2+Django%0D%0A%E2%80%A2+Pandas%0D%0A%E2%80%A2+AWS%0D%0A%E2%80%A2+PySpark%0D%0A%E2%80%A2+SQL</text>
      <textSize>14</textSize>
      <lineSpacing>0</lineSpacing>
    </control>
    <control controlID="378F6B0F-FBD9-44B8-BFAE-90945F886535" controlTypeID="Icon" x="427" y="90" w="17" h="17" zOrder="6">
      <icon>
        <ID/>
        <iconFontName>jdIonicons</iconFontName>
        <iconCode>62154</iconCode>
      </icon>
      <URL>D95E480717200F895E41DB6E5B869596.svg</URL>
    </control>
    <control controlID="FE9B0062-ACC0-4D67-92CF-24EAC6A31686" controlTypeID="Panel" x="2" y="73" w="269" h="627" zOrder="7">
      <groupChildrenDescriptors>
        <control controlID="BD3A06A6-93AF-4F52-9C40-DE83A45D9AEE" controlTypeID="Border" x="0" y="0" w="269" h="627" zOrder="0">
          <alias>borderLayer</alias>
        </control>
      </groupChildrenDescriptors>
      <thinkness>1</thinkness>
    </control>
    <control controlID="3D3975E7-F2A1-493B-B1D7-0BFA5669A001" controlTypeID="LabelTextInput" x="70" y="95" w="87" h="24" zOrder="8">
      <borderVisible>False</borderVisible>
      <font family="Segoe+UI" displayName="Segoe+UI" postScript="" weightStyle="Normal" weight="400" isBold="False" isItalic="False"/>
      <text>Amazon</text>
      <textSize>14</textSize>
      <lineSpacing>0</lineSpacing>
      <selectedIndex>-1</selectedIndex>
    </control>
    <control controlID="7C895EF1-39D5-4ACC-BDF1-9029D3ED4AB0" controlTypeID="List" x="3" y="149" w="267" h="81" zOrder="9">
      <borderVisible>False</borderVisible>
      <links eventType="AtClick" animate="AmNone" animateAutoDelay="0" animateDuration="500">
        <link targetPageID="9FB19A10-6253-4D87-BE62-0C2815675A04" linkType="ltPageLink" isApplyIncludePage="False" title="Chat">
          <area shape="0" alt="" ID="{FE32623E-A539-48CD-9BE7-5B48EE548D01}" coords="(0,0,267,25)"/>
        </link>
        <link targetPageID="256E32C2-5A25-4266-839F-BA23E49C0749" linkType="ltPageLink" isApplyIncludePage="False" title="Home">
          <area shape="0" alt="" ID="{85156CA3-80A2-4FDD-92CF-3357DD834750}" coords="(0,25,267,50)"/>
        </link>
        <link targetPageID="B8D90EAB-E024-4C9B-AB9D-5C55410D2598" linkType="ltPageLink" isApplyIncludePage="False" title="Perfil">
          <area shape="0" alt="" ID="{A069B520-055D-4542-B11E-7AAF767272D1}" coords="(0,50,267,75)"/>
        </link>
      </links>
      <font family="Segoe+UI" displayName="Segoe+UI" postScript="" weightStyle="Normal" weight="400" isBold="False" isItalic="False"/>
      <text>Chat%0D%0AHome%0D%0APerfil</text>
      <textSize>14</textSize>
      <lineSpacing>0</lineSpacing>
      <selectedIndex>-1</selectedIndex>
      <selectedTextColor>4294967295</selectedTextColor>
    </control>
    <control controlID="F6D5AF57-D344-421D-A4FB-3379A5B23DB5" controlTypeID="Image" x="12" y="83" w="48" h="48" zOrder="10">
      <ShadowBlur>0</ShadowBlur>
      <URL>B4F06C99320C50281A8B192F501CDD31.png</URL>
    </control>
    <control controlID="8E26BA5F-4CBB-4577-8BDB-74F9CDBE6261" controlTypeID="Search" x="3" y="230" w="267" h="27" zOrder="11">
      <ShadowBlur>0</ShadowBlur>
      <font family="Segoe+UI" displayName="Segoe+UI" postScript="" weightStyle="Normal" weight="400" isBold="False" isItalic="False"/>
      <text>Buscar+vagas</text>
      <textSize>14</textSize>
      <textVAlign>VaTop</textVAlign>
      <lineSpacing>0</lineSpacing>
      <selectedIndex>-1</selectedIndex>
    </control>
    <control controlID="928C6B5B-EB82-4A14-B0AA-94DAA6E88FFB" controlTypeID="HRule" x="3" y="219" w="267" h="12" zOrder="12">
      <ShadowBlur>0</ShadowBlur>
    </control>
    <control controlID="39412C57-47AF-446E-B98E-90268B94B9EE" controlTypeID="HRule" x="3" y="255" w="267" h="12" zOrder="13">
      <ShadowBlur>0</ShadowBlur>
    </control>
    <control controlID="70AB8168-3D0B-4EFF-9436-C3D4EA0EA739" controlTypeID="List" x="2" y="261" w="268" h="400" zOrder="14">
      <ShadowBlur>0</ShadowBlur>
      <font family="Segoe+UI" displayName="Segoe+UI" postScript="" weightStyle="Normal" weight="400" isBold="False" isItalic="False"/>
      <text>Cientista+de+dados%0D%0AEngenheiro+de+Software%0D%0ADesenvolvedor+Full-Stack%0D%0A+</text>
      <textSize>14</textSize>
      <lineSpacing>0</lineSpacing>
    </control>
  </controls>
  <param>
    <backgroundColor>4294967295</backgroundColor>
    <fontSize>14</fontSize>
    <fontFamily>Segoe+UI</fontFamily>
    <guideLines/>
  </param>
</mockup>