﻿<mockup version="5.3" minAllowVersion="5.3" ID="F65F260C-B2BE-4BAA-8341-05F29EADC4CC" platform="MtWeb" defaultW="1200" defaultH="730" measureW="1200" measureH="730" mobileScreenScale="0">
  <controls controlCount="25">
    <control controlID="D09E4F4F-C3BD-4831-B0BA-47EBC686CD5E" controlTypeID="BrowserWindow" x="0" y="0" w="1200" h="730" zOrder="0">
      <color>533515468</color>
      <font family="Segoe+UI" displayName="Segoe+UI_%26_Bold" postScript="" weightStyle="Bold" weight="700" isBold="True" isItalic="False"/>
      <text>Mockplus%0D%0Ahttps%3A%2F%2Fwww.mockplus.com</text>
      <textSize>14</textSize>
      <textVAlign>VaTop</textVAlign>
      <lineSpacing>0</lineSpacing>
      <textStyles>[fsBold]</textStyles>
      <selectedIndex>-1</selectedIndex>
    </control>
    <control controlID="60834164-F6FE-4CCB-AF15-92CDBFCD851D" controlTypeID="Panel" x="420" y="83" w="360" h="608" zOrder="1">
      <groupChildrenDescriptors>
        <control controlID="8D56DC4D-04DC-4DE2-88B5-F599E640ACED" controlTypeID="Border" x="0" y="0" w="360" h="608" zOrder="0">
          <alias>borderLayer</alias>
          <thickness>3</thickness>
        </control>
      </groupChildrenDescriptors>
      <thinkness>3</thinkness>
    </control>
    <control controlID="DEEDDFEC-AA99-47CC-B79A-B816E1E603CA" controlTypeID="Panel" x="2" y="73" w="269" h="627" zOrder="2">
      <groupChildrenDescriptors>
        <control controlID="A2A34D52-DF73-44A5-B52C-97B3223230FA" controlTypeID="Border" x="0" y="0" w="269" h="627" zOrder="0">
          <alias>borderLayer</alias>
        </control>
      </groupChildrenDescriptors>
      <thinkness>1</thinkness>
    </control>
    <control controlID="A6C4FEB6-91B2-4AA9-B0F7-B8608AE7C2CC" controlTypeID="LabelTextInput" x="70" y="95" w="87" h="24" zOrder="3">
      <borderVisible>False</borderVisible>
      <font family="Segoe+UI" displayName="Segoe+UI" postScript="" weightStyle="Normal" weight="400" isBold="False" isItalic="False"/>
      <text>Amazon</text>
      <textSize>14</textSize>
      <lineSpacing>0</lineSpacing>
      <selectedIndex>-1</selectedIndex>
    </control>
    <control controlID="4D1C050A-3E65-4262-A879-C351D7FCFCD5" controlTypeID="List" x="3" y="149" w="267" h="81" zOrder="4">
      <borderVisible>False</borderVisible>
      <links eventType="AtClick" animate="AmNone" animateAutoDelay="0" animateDuration="500">
        <link targetPageID="9FB19A10-6253-4D87-BE62-0C2815675A04" linkType="ltPageLink" isApplyIncludePage="False" title="Chat">
          <area shape="0" alt="" ID="{FE32623E-A539-48CD-9BE7-5B48EE548D01}" coords="(0,0,267,25)"/>
        </link>
        <link targetPageID="256E32C2-5A25-4266-839F-BA23E49C0749" linkType="ltPageLink" isApplyIncludePage="False" title="Home">
          <area shape="0" alt="" ID="{85156CA3-80A2-4FDD-92CF-3357DD834750}" coords="(0,25,267,50)"/>
        </link>
        <link targetPageID="B8D90EAB-E024-4C9B-AB9D-5C55410D2598" linkType="ltPageLink" isApplyIncludePage="False" title="Perfil">
          <area shape="0" alt="" ID="{A069B520-055D-4542-B11E-7AAF767272D1}" coords="(0,50,267,75)"/>
        </link>
      </links>
      <font family="Segoe+UI" displayName="Segoe+UI" postScript="" weightStyle="Normal" weight="400" isBold="False" isItalic="False"/>
      <text>Chat%0D%0AHome%0D%0APerfil</text>
      <textSize>14</textSize>
      <lineSpacing>0</lineSpacing>
      <selectedIndex>-1</selectedIndex>
      <selectedTextColor>4294967295</selectedTextColor>
    </control>
    <control controlID="C4988245-740C-4541-B492-8563282FCBDB" controlTypeID="Image" x="12" y="83" w="48" h="48" zOrder="5">
      <ShadowBlur>0</ShadowBlur>
      <URL>B4F06C99320C50281A8B192F501CDD31.png</URL>
    </control>
    <control controlID="7D553971-7FD1-4F91-850A-6D262C73E87B" controlTypeID="Search" x="3" y="230" w="267" h="27" zOrder="6">
      <ShadowBlur>0</ShadowBlur>
      <font family="Segoe+UI" displayName="Segoe+UI" postScript="" weightStyle="Normal" weight="400" isBold="False" isItalic="False"/>
      <text>Buscar+vagas</text>
      <textSize>14</textSize>
      <textVAlign>VaTop</textVAlign>
      <lineSpacing>0</lineSpacing>
      <selectedIndex>-1</selectedIndex>
    </control>
    <control controlID="CC45DA3F-180C-4451-83F1-05F7BABC17F6" controlTypeID="HRule" x="3" y="219" w="267" h="12" zOrder="7">
      <ShadowBlur>0</ShadowBlur>
    </control>
    <control controlID="504C244E-5C2F-41D9-A4E3-AAA0A4FB2BC8" controlTypeID="HRule" x="3" y="255" w="267" h="12" zOrder="8">
      <ShadowBlur>0</ShadowBlur>
    </control>
    <control controlID="E7F2AF1B-BF52-4FA5-9037-C2A07848FDF0" controlTypeID="__group__" x="420" y="86" w="357" h="575" zOrder="9">
      <groupChildrenDescriptors>
        <control controlID="52727988-0310-4AC1-8970-8C3423FE654B" controlTypeID="Icon" x="28" y="551" w="24" h="24" zOrder="0">
          <links eventType="AtClick" animate="AmNone" animateAutoDelay="0" animateDuration="500">
            <link targetPageID="3AB68994-3950-4AF4-BA36-DEC8C6236844" linkType="ltPageLink" isApplyIncludePage="False" title="Vaga+Amazon">
              <area shape="0" alt="" ID="{5808210F-3715-4400-B790-4F5D0F9620A4}" coords="(0,0,24,24)"/>
            </link>
          </links>
          <icon>
            <ID/>
            <iconFontName>jdIonicons</iconFontName>
            <iconCode>61731</iconCode>
          </icon>
          <URL>01C687310F9F3CD70AEFE872B950F27F.svg</URL>
        </control>
        <control controlID="48E7DEB1-C14C-4C30-9722-7C95578084B6" controlTypeID="ImageCarousel" x="3" y="0" w="354" h="280" zOrder="1">
          <sizeLocked>True</sizeLocked>
          <ShadowBlur>0</ShadowBlur>
          <groupChildrenDescriptors>
            <control controlID="0CC1B55D-2307-4CC8-8419-DAB14A7A0924" controlTypeID="ImageBackground" x="0" y="0" w="354" h="280" zOrder="0">
              <caption>amazon_logo</caption>
              <groupChildrenDescriptors/>
              <URL>B4F06C99320C50281A8B192F501CDD31.png</URL>
            </control>
            <control controlID="646BC20B-119D-44E7-B47B-7EF448F7CD7E" controlTypeID="ImageBackground" x="0" y="0" w="354" h="280" zOrder="1">
              <caption>interior-view</caption>
              <groupChildrenDescriptors/>
              <URL>BC76A6E830B4FFBB81136DD68E713D70.png</URL>
            </control>
          </groupChildrenDescriptors>
          <aniType>spaSlide</aniType>
        </control>
        <control controlID="C7D8B0B1-FC2B-4B0C-9D03-2DD27D9B49D4" controlTypeID="LabelTextInput" x="13" y="280" w="336" h="37" zOrder="2">
          <borderColor>4278190080</borderColor>
          <borderVisible>False</borderVisible>
          <opacity>0.600000023841858</opacity>
          <ShadowBlur>0</ShadowBlur>
          <font family="Segoe+UI" displayName="Segoe+UI" postScript="" weightStyle="Normal" weight="400" isBold="False" isItalic="False" useDefaultFontFamily="False"/>
          <text>Amazon%2C+++Cientista+de+Dados</text>
          <textSize>22</textSize>
          <lineSpacing>0</lineSpacing>
          <useDefaultTextSize>False</useDefaultTextSize>
          <selectedIndex>-1</selectedIndex>
          <radius>10</radius>
        </control>
        <control controlID="03076810-78DE-48DD-865D-8DA6D1AD8B7C" controlTypeID="LabelTextInput" x="18" y="335" w="280" h="24" zOrder="3">
          <borderVisible>False</borderVisible>
          <ShadowBlur>0</ShadowBlur>
          <font family="Segoe+UI" displayName="Segoe+UI" postScript="" weightStyle="Normal" weight="400" isBold="False" isItalic="False"/>
          <text>Descri%C3%A7%C3%A3o+da+vaga%3A</text>
          <textSize>14</textSize>
          <lineSpacing>0</lineSpacing>
          <selectedIndex>-1</selectedIndex>
        </control>
        <control controlID="566B9978-EC67-49AB-859E-A8D33858069C" controlTypeID="TextArea" x="36" y="359" w="288" h="158" zOrder="4">
          <ShadowBlur>0</ShadowBlur>
          <font family="Segoe+UI" displayName="Segoe+UI" postScript="" weightStyle="Normal" weight="400" isBold="False" isItalic="False"/>
          <text>%E2%80%A2+Interessado+em+tornar+o+Amazon+Echo+mais+intuitivo%3F+Ajude-nos+a+personalizar+a+Alexa+para+cada+um+dos+nossos+clientes.+A+equipe+de+ID+de+Alto-falante+(reconhecimento+de+voz)+permite+que+a+Alexa+forne%C3%A7a+experi%C3%AAncia+personalizada+para+milh%C3%B5es+de+clientes+Alexa.%0D%0A%E2%80%A2+Nossa+miss%C3%A3o+%C3%A9+fazer+com+que+os+dispositivos+Alexa+se+tornem+seus+melhores+amigos%2C+reconhecendo+sua+voz+com+confian%C3%A7a.+No+n%C3%BAcleo%2C+usamos+modelos+de+redes+estat%C3%ADsticas+e+neurais+para+fazer+a+m%C3%A1gica+acontecer.+N%C3%B3s+somos+os+c%C3%A9rebros+por+tr%C3%A1s+de+%22Alexa%2C+quem+sou+eu%3F%22+%22Echo%2C+ligue+para+minha+m%C3%A3e%3F%22+E+muito+mais.+Ajudamos+milh%C3%B5es+de+clientes+Alexa+a+obter+experi%C3%AAncia+personalizada+24+horas+por+dia%2C+7+dias+por+semana.+%0D%0A+</text>
          <selectedIndex>-1</selectedIndex>
        </control>
        <control controlID="C902F6B5-2234-4631-865E-9A6C351EF59A" controlTypeID="Line" x="3" y="320" w="354" h="1" zOrder="5">
          <ShadowBlur>0</ShadowBlur>
          <font family="Segoe+UI" displayName="Segoe+UI" postScript="" weightStyle="Normal" weight="400" isBold="False" isItalic="False"/>
          <textSize>14</textSize>
          <lineSpacing>0</lineSpacing>
          <selectedIndex>-1</selectedIndex>
          <controlPoint>(177,0)</controlPoint>
          <startPoint>(0,0)</startPoint>
          <endPoint>(354,0)</endPoint>
        </control>
        <control controlID="0334853B-6E26-4E03-ADD3-018DE299D57B" controlTypeID="Line" x="105" y="282" w="1" h="38" zOrder="6">
          <ShadowBlur>0</ShadowBlur>
          <font family="Segoe+UI" displayName="Segoe+UI" postScript="" weightStyle="Normal" weight="400" isBold="False" isItalic="False"/>
          <textSize>14</textSize>
          <lineSpacing>0</lineSpacing>
          <selectedIndex>-1</selectedIndex>
          <controlPoint>(0,19)</controlPoint>
          <startPoint>(0,0)</startPoint>
          <endPoint>(0,38)</endPoint>
        </control>
        <control controlID="7842C8E3-0F99-4AB0-AD3E-819C7EF0A09A" controlTypeID="Line" x="0" y="282" w="356" h="1" zOrder="7">
          <ShadowBlur>0</ShadowBlur>
          <font family="Segoe+UI" displayName="Segoe+UI" postScript="" weightStyle="Normal" weight="400" isBold="False" isItalic="False"/>
          <textSize>14</textSize>
          <lineSpacing>0</lineSpacing>
          <selectedIndex>-1</selectedIndex>
          <controlPoint>(178,0)</controlPoint>
          <startPoint>(0,0)</startPoint>
          <endPoint>(356,0)</endPoint>
        </control>
      </groupChildrenDescriptors>
    </control>
    <control controlID="F201A9B4-AE67-403E-BA8E-E28E1FA53557" controlTypeID="List" x="2" y="261" w="268" h="400" zOrder="10">
      <ShadowBlur>0</ShadowBlur>
      <font family="Segoe+UI" displayName="Segoe+UI" postScript="" weightStyle="Normal" weight="400" isBold="False" isItalic="False"/>
      <text>Cientista+de+dados%0D%0AEngenheiro+de+Software%0D%0ADesenvolvedor+Full-Stack%0D%0A+</text>
      <textSize>14</textSize>
      <lineSpacing>0</lineSpacing>
    </control>
    <control controlID="D8D890CB-B18E-4E68-9889-81918017DE6A" controlTypeID="Shape" x="501" y="274" w="202" h="213" zOrder="11">
      <isShow>False</isShow>
      <color>4294278268</color>
      <links eventType="AtClick" animate="AmNone" animateAutoDelay="0" animateDuration="500">
        <link targetPageID="51379549-5B01-4C8F-9B3A-47F0C8D80260" linkType="ltPageLink" isApplyIncludePage="False" title="Vagas">
          <area shape="0" alt="" ID="{6F40068A-0D9A-4BF7-8AEB-8B8DAC5C760E}" coords="(0,0,202,213)"/>
        </link>
      </links>
      <font family="Segoe+UI" displayName="Segoe+UI" postScript="" weightStyle="Normal" weight="400" isBold="False" isItalic="False"/>
      <text>A+vaga+n%C3%A3o+ser%C3%A1+mais+exibida+para+os+candidatos</text>
      <textColor>4294967295</textColor>
      <textSize>32</textSize>
      <useDefaultTextSize>False</useDefaultTextSize>
      <selectedIndex>-1</selectedIndex>
    </control>
    <control controlID="C8E16E54-0679-4E07-AD11-C693DE842DB0" controlTypeID="Button" x="514" y="635" w="175" h="28" zOrder="12">
      <color>4278249821</color>
      <borderVisible>False</borderVisible>
      <interactiveData>
        <entry title="">
          <area shape="0" alt="" ID="{AC963D0A-B442-4715-8537-D423CC461990}" coords="(0,0,175,28)"/>
          <events title="">
            <event eventType="atClick" isChecked="True">
              <behaviour title="" isChecked="True" isWait="False" isLoop="False" execMode="emParallel">
                <target targetID="D8D890CB-B18E-4E68-9889-81918017DE6A" isChecked="True" isAutoRecovery="False" isLoop="False" execMode="emSequence">
                  <command name="Change Visibility" isChecked="True" descrition="">
                    <param name="AniInterpolation" value="1" varType="3" description=""/>
                    <param name="AniDuration" value="200" varType="3" description=""/>
                    <param name="AniAutoReverse" value="False" varType="11" description=""/>
                    <param name="AniLoop" value="False" varType="11" description=""/>
                    <param name="AniInterpolationTypeOut" value="False" varType="11" description=""/>
                    <param name="Delay" value="0" varType="3" description=""/>
                    <param name="ValueFromCurrent" value="True" varType="11" description=""/>
                    <param name="ForceFromInitValue" value="False" varType="11" description=""/>
                    <param name="ForceSetVisible" value="False" varType="11" description=""/>
                    <param name="Value" value="2" varType="3" description=""/>
                    <param name="TerminateLoopByClick" value="True" varType="11" description=""/>
                  </command>
                </target>
                <target targetID="E7F2AF1B-BF52-4FA5-9037-C2A07848FDF0" isChecked="True" isAutoRecovery="False" isLoop="False" execMode="emSequence">
                  <command name="Change Visibility" isChecked="True" descrition="">
                    <param name="AniInterpolation" value="1" varType="3" description=""/>
                    <param name="AniDuration" value="200" varType="3" description=""/>
                    <param name="AniAutoReverse" value="False" varType="11" description=""/>
                    <param name="AniLoop" value="False" varType="11" description=""/>
                    <param name="AniInterpolationTypeOut" value="False" varType="11" description=""/>
                    <param name="Delay" value="0" varType="3" description=""/>
                    <param name="ValueFromCurrent" value="True" varType="11" description=""/>
                    <param name="ForceFromInitValue" value="False" varType="11" description=""/>
                    <param name="ForceSetVisible" value="False" varType="11" description=""/>
                    <param name="Value" value="2" varType="3" description=""/>
                    <param name="TerminateLoopByClick" value="True" varType="11" description=""/>
                  </command>
                </target>
                <target targetID="C8E16E54-0679-4E07-AD11-C693DE842DB0" IsNeedReplaceAsSelfID="True" isChecked="True" isAutoRecovery="False" isLoop="False" execMode="emSequence">
                  <command name="Change Visibility" isChecked="True" descrition="">
                    <param name="AniInterpolation" value="1" varType="3" description=""/>
                    <param name="AniDuration" value="200" varType="3" description=""/>
                    <param name="AniAutoReverse" value="False" varType="11" description=""/>
                    <param name="AniLoop" value="False" varType="11" description=""/>
                    <param name="AniInterpolationTypeOut" value="False" varType="11" description=""/>
                    <param name="Delay" value="0" varType="3" description=""/>
                    <param name="ValueFromCurrent" value="True" varType="11" description=""/>
                    <param name="ForceFromInitValue" value="False" varType="11" description=""/>
                    <param name="ForceSetVisible" value="False" varType="11" description=""/>
                    <param name="Value" value="2" varType="3" description=""/>
                    <param name="TerminateLoopByClick" value="True" varType="11" description=""/>
                  </command>
                </target>
              </behaviour>
            </event>
          </events>
        </entry>
      </interactiveData>
      <font family="Segoe+UI" displayName="Segoe+UI_%26_Bold" postScript="" weightStyle="Bold" weight="700" isBold="True" isItalic="False"/>
      <text>A+vaga+j%C3%A1+foi+preenchida%3F</text>
      <textColor>4294967295</textColor>
      <lineSpacing>0</lineSpacing>
      <textStyles>[fsBold]</textStyles>
      <selectedIndex>-1</selectedIndex>
      <radius>12</radius>
    </control>
  </controls>
  <param>
    <backgroundColor>4294967295</backgroundColor>
    <fontSize>14</fontSize>
    <fontFamily>Segoe+UI</fontFamily>
    <guideLines/>
  </param>
</mockup>