﻿<mockup version="5.3" minAllowVersion="5.3" ID="F65F260C-B2BE-4BAA-8341-05F29EADC4CC" platform="MtWeb" defaultW="1200" defaultH="730" measureW="1200" measureH="730" mobileScreenScale="0">
  <controls controlCount="12">
    <control controlID="D09E4F4F-C3BD-4831-B0BA-47EBC686CD5E" controlTypeID="BrowserWindow" x="0" y="0" w="1200" h="730" zOrder="0">
      <color>533515468</color>
      <font family="Segoe+UI" displayName="Segoe+UI_%26_Bold" postScript="" weightStyle="Bold" weight="700" isBold="True" isItalic="False"/>
      <text>Mockplus%0D%0Ahttps%3A%2F%2Fwww.mockplus.com</text>
      <textSize>14</textSize>
      <textVAlign>VaTop</textVAlign>
      <lineSpacing>0</lineSpacing>
      <textStyles>[fsBold]</textStyles>
      <selectedIndex>-1</selectedIndex>
    </control>
    <control controlID="DEEDDFEC-AA99-47CC-B79A-B816E1E603CA" controlTypeID="Panel" x="2" y="73" w="269" h="627" zOrder="1">
      <groupChildrenDescriptors>
        <control controlID="A2A34D52-DF73-44A5-B52C-97B3223230FA" controlTypeID="Border" x="0" y="0" w="269" h="627" zOrder="0">
          <alias>borderLayer</alias>
        </control>
      </groupChildrenDescriptors>
      <thinkness>1</thinkness>
    </control>
    <control controlID="A6C4FEB6-91B2-4AA9-B0F7-B8608AE7C2CC" controlTypeID="LabelTextInput" x="70" y="95" w="87" h="24" zOrder="2">
      <borderVisible>False</borderVisible>
      <font family="Segoe+UI" displayName="Segoe+UI" postScript="" weightStyle="Normal" weight="400" isBold="False" isItalic="False"/>
      <text>Amazon</text>
      <textSize>14</textSize>
      <lineSpacing>0</lineSpacing>
      <selectedIndex>-1</selectedIndex>
    </control>
    <control controlID="4D1C050A-3E65-4262-A879-C351D7FCFCD5" controlTypeID="List" x="3" y="149" w="267" h="81" zOrder="3">
      <borderVisible>False</borderVisible>
      <font family="Segoe+UI" displayName="Segoe+UI" postScript="" weightStyle="Normal" weight="400" isBold="False" isItalic="False"/>
      <text>Chat%0D%0AHome%0D%0APerfil</text>
      <textSize>14</textSize>
      <lineSpacing>0</lineSpacing>
      <selectedIndex>-1</selectedIndex>
      <selectedTextColor>4294967295</selectedTextColor>
    </control>
    <control controlID="C4988245-740C-4541-B492-8563282FCBDB" controlTypeID="Image" x="12" y="83" w="48" h="48" zOrder="4">
      <ShadowBlur>0</ShadowBlur>
      <URL>B4F06C99320C50281A8B192F501CDD31.png</URL>
    </control>
    <control controlID="7D553971-7FD1-4F91-850A-6D262C73E87B" controlTypeID="Search" x="3" y="230" w="267" h="27" zOrder="5">
      <ShadowBlur>0</ShadowBlur>
      <font family="Segoe+UI" displayName="Segoe+UI" postScript="" weightStyle="Normal" weight="400" isBold="False" isItalic="False"/>
      <text>Buscar+vagas</text>
      <textSize>14</textSize>
      <textVAlign>VaTop</textVAlign>
      <lineSpacing>0</lineSpacing>
      <selectedIndex>-1</selectedIndex>
    </control>
    <control controlID="CC45DA3F-180C-4451-83F1-05F7BABC17F6" controlTypeID="HRule" x="3" y="219" w="267" h="12" zOrder="6">
      <ShadowBlur>0</ShadowBlur>
    </control>
    <control controlID="504C244E-5C2F-41D9-A4E3-AAA0A4FB2BC8" controlTypeID="HRule" x="3" y="255" w="267" h="12" zOrder="7">
      <ShadowBlur>0</ShadowBlur>
    </control>
    <control controlID="F201A9B4-AE67-403E-BA8E-E28E1FA53557" controlTypeID="List" x="2" y="261" w="268" h="400" zOrder="8">
      <ShadowBlur>0</ShadowBlur>
      <links eventType="AtClick" animate="AmNone" animateAutoDelay="0" animateDuration="500">
        <link targetPageID="C208847C-EA80-49BE-8455-1BE2EAAD9E9B" linkType="ltPageLink" isApplyIncludePage="False" title="Cientista+de+dados">
          <area shape="0" alt="" ID="{5F85011D-0CC0-48C2-B3CD-5CB30D0FE8BC}" coords="(1,1,267,26)"/>
        </link>
        <link targetPageID="" linkType="ltPageLink" isApplyIncludePage="False" title="Engenheiro+de+Software">
          <area shape="0" alt="" ID="{4E2AF62A-7B65-4CBF-9E3E-3A5B3E2F76F9}" coords="(1,26,267,51)"/>
        </link>
        <link targetPageID="" linkType="ltPageLink" isApplyIncludePage="False" title="Desenvolvedor+Full-Stack">
          <area shape="0" alt="" ID="{5FA4458D-CAD1-4838-91FF-A8439A1C0534}" coords="(1,51,267,76)"/>
        </link>
        <link targetPageID="" linkType="ltPageLink" isApplyIncludePage="False" title="+">
          <area shape="0" alt="" ID="{9BAFF6B8-11EE-439D-86F3-6193673ADCB2}" coords="(1,76,267,101)"/>
        </link>
      </links>
      <font family="Segoe+UI" displayName="Segoe+UI" postScript="" weightStyle="Normal" weight="400" isBold="False" isItalic="False"/>
      <text>Cientista+de+dados%0D%0AEngenheiro+de+Software%0D%0ADesenvolvedor+Full-Stack%0D%0A+</text>
      <textSize>14</textSize>
      <lineSpacing>0</lineSpacing>
      <selectedIndex>-1</selectedIndex>
    </control>
    <control controlID="A39AA1FC-96EA-40DB-B681-AA0A4310075F" controlTypeID="Icon" x="233" y="313" w="22" h="22" zOrder="9">
      <color>4294901760</color>
      <icon>
        <ID/>
        <iconFontName>jdiconfontA</iconFontName>
        <iconCode>59696</iconCode>
      </icon>
      <URL>08FC0D91044DEDABA8DD1CE81702C98F.svg</URL>
    </control>
    <control controlID="88CE22C1-D098-4BDC-BA83-59356E18E47B" controlTypeID="Icon" x="112" y="605" w="47" h="47" zOrder="10">
      <color>4278255462</color>
      <icon>
        <ID/>
        <iconFontName>jdIonicons</iconFontName>
        <iconCode>61974</iconCode>
      </icon>
      <URL>909563FAFE25D2BCBB465D4435A7FA63.svg</URL>
    </control>
  </controls>
  <param>
    <backgroundColor>4294967295</backgroundColor>
    <fontSize>14</fontSize>
    <fontFamily>Segoe+UI</fontFamily>
    <guideLines/>
  </param>
</mockup>