﻿<mockup version="5.3" minAllowVersion="5.3" ID="5F8E3EA6-9F28-4842-BA76-780205D76C3C" platform="MtWeb" defaultW="1200" defaultH="730" measureW="1200" measureH="730" mobileScreenScale="0">
  <controls controlCount="15">
    <control controlID="D09E4F4F-C3BD-4831-B0BA-47EBC686CD5E" controlTypeID="BrowserWindow" x="0" y="0" w="1200" h="730" zOrder="0">
      <color>533515468</color>
      <ShadowBlur>0</ShadowBlur>
      <font family="Segoe+UI" displayName="Segoe+UI_%26_Bold" postScript="" weightStyle="Bold" weight="700" isBold="True" isItalic="False"/>
      <text>Mockplus%0D%0Ahttps%3A%2F%2Fwww.mockplus.com</text>
      <textSize>14</textSize>
      <textVAlign>VaTop</textVAlign>
      <lineSpacing>0</lineSpacing>
      <textStyles>[fsBold]</textStyles>
      <selectedIndex>-1</selectedIndex>
    </control>
    <control controlID="DEEDDFEC-AA99-47CC-B79A-B816E1E603CA" controlTypeID="Panel" x="2" y="73" w="269" h="627" zOrder="1">
      <ShadowBlur>0</ShadowBlur>
      <groupChildrenDescriptors>
        <control controlID="A2A34D52-DF73-44A5-B52C-97B3223230FA" controlTypeID="Border" x="0" y="0" w="269" h="627" zOrder="0">
          <alias>borderLayer</alias>
          <ShadowBlur>0</ShadowBlur>
        </control>
      </groupChildrenDescriptors>
      <thinkness>1</thinkness>
    </control>
    <control controlID="A0611401-1B04-47F6-BC78-1C2D892F3BD5" controlTypeID="Image" x="12" y="83" w="48" h="48" zOrder="2">
      <ShadowBlur>0</ShadowBlur>
      <URL>5C9792CF275AF94FA100139FB8C4D2D6.jpg</URL>
    </control>
    <control controlID="A6C4FEB6-91B2-4AA9-B0F7-B8608AE7C2CC" controlTypeID="LabelTextInput" x="70" y="95" w="87" h="24" zOrder="3">
      <borderVisible>False</borderVisible>
      <ShadowBlur>0</ShadowBlur>
      <font family="Segoe+UI" displayName="Segoe+UI" postScript="" weightStyle="Normal" weight="400" isBold="False" isItalic="False"/>
      <text>Jo%C3%A3o+Silva</text>
      <textSize>14</textSize>
      <lineSpacing>0</lineSpacing>
      <selectedIndex>-1</selectedIndex>
    </control>
    <control controlID="4D1C050A-3E65-4262-A879-C351D7FCFCD5" controlTypeID="List" x="3" y="149" w="267" h="54" zOrder="4">
      <borderVisible>False</borderVisible>
      <ShadowBlur>0</ShadowBlur>
      <links eventType="AtClick" animate="AmNone" animateAutoDelay="0" animateDuration="500">
        <link targetPageID="6B8C7879-4E23-4C0A-A252-868CC52BA8A3" linkType="ltPageLink" isApplyIncludePage="False" title="Home">
          <area shape="0" alt="" ID="{F5558AF2-7A70-4F18-84F5-818E0E21DDB6}" coords="(0,0,267,25)"/>
        </link>
        <link targetPageID="" linkType="ltPageLink" isApplyIncludePage="False" title="Perfil">
          <area shape="0" alt="" ID="{2F86427A-76FC-484B-8956-4E336E34F209}" coords="(0,25,267,50)"/>
        </link>
      </links>
      <font family="Segoe+UI" displayName="Segoe+UI" postScript="" weightStyle="Normal" weight="400" isBold="False" isItalic="False"/>
      <text>Home%0D%0APerfil</text>
      <textSize>14</textSize>
      <lineSpacing>0</lineSpacing>
      <selectedIndex>-1</selectedIndex>
      <selectedTextColor>4294967295</selectedTextColor>
    </control>
    <control controlID="EA11759E-826B-403A-80BF-BE916A60F389" controlTypeID="HRule" x="3" y="213" w="267" h="12" zOrder="5">
      <ShadowBlur>0</ShadowBlur>
    </control>
    <control controlID="FF7E85EC-4740-407C-B201-1D7590866737" controlTypeID="Search" x="3" y="221" w="267" h="27" zOrder="6">
      <ShadowBlur>0</ShadowBlur>
      <font family="Segoe+UI" displayName="Segoe+UI" postScript="" weightStyle="Normal" weight="400" isBold="False" isItalic="False"/>
      <text>Buscar+vagas</text>
      <textSize>14</textSize>
      <textVAlign>VaTop</textVAlign>
      <lineSpacing>0</lineSpacing>
      <selectedIndex>-1</selectedIndex>
    </control>
    <control controlID="0742AFB1-DB97-4560-AF87-AF516D795F54" controlTypeID="__group__" x="271" y="73" w="929" h="627" zOrder="7">
      <isShow>False</isShow>
      <ShadowBlur>0</ShadowBlur>
      <groupChildrenDescriptors>
        <control controlID="60834164-F6FE-4CCB-AF15-92CDBFCD851D" controlTypeID="Panel" x="0" y="0" w="929" h="627" zOrder="0">
          <borderColor>4278190080</borderColor>
          <ShadowBlur>0</ShadowBlur>
          <groupChildrenDescriptors>
            <control controlID="8D56DC4D-04DC-4DE2-88B5-F599E640ACED" controlTypeID="Border" x="0" y="0" w="929" h="627" zOrder="0">
              <borderColor>4278190080</borderColor>
              <alias>borderLayer</alias>
              <ShadowBlur>0</ShadowBlur>
              <thickness>3</thickness>
            </control>
          </groupChildrenDescriptors>
          <thinkness>3</thinkness>
        </control>
        <control controlID="6905B8A8-87E3-4426-9396-938BD3DAE34C" controlTypeID="Button" x="847" y="587" w="70" h="28" zOrder="1">
          <color>2966211788</color>
          <borderVisible>False</borderVisible>
          <ShadowBlur>0</ShadowBlur>
          <font family="Segoe+UI" displayName="Segoe+UI_%26_Bold" postScript="" weightStyle="Bold" weight="700" isBold="True" isItalic="False"/>
          <text>ENVIAR</text>
          <textColor>4294967295</textColor>
          <lineSpacing>0</lineSpacing>
          <textStyles>[fsBold]</textStyles>
          <selectedIndex>-1</selectedIndex>
          <radius>14</radius>
        </control>
        <control controlID="1F17766E-D871-4862-8A8E-C4462AD0B9EC" controlTypeID="HRule" x="3" y="569" w="926" h="12" zOrder="2">
          <ShadowBlur>0</ShadowBlur>
          <thickness>1</thickness>
        </control>
        <control controlID="DA5FB734-BAC6-4AE2-A367-4432E1F4097A" controlTypeID="TextInput" x="22" y="585" w="807" h="33" zOrder="3">
          <borderColor>4292664540</borderColor>
          <ShadowBlur>0</ShadowBlur>
          <font family="Segoe+UI" displayName="Segoe+UI" postScript="" weightStyle="Normal" weight="400" isBold="False" isItalic="False"/>
          <lineSpacing>0</lineSpacing>
          <selectedIndex>-1</selectedIndex>
          <placeHolder>Digite+uma+mensagem</placeHolder>
          <radius>12</radius>
        </control>
      </groupChildrenDescriptors>
    </control>
    <control controlID="5032288A-9947-4199-8292-8F3FE56EB668" controlTypeID="List" x="3" y="249" w="268" h="400" zOrder="8">
      <ShadowBlur>0</ShadowBlur>
      <links eventType="AtClick" animate="AmNone" animateAutoDelay="0" animateDuration="500">
        <link targetPageID="" linkType="ltPageLink" isApplyIncludePage="False" title="Cientista+de+dados+-+IBM">
          <area shape="0" alt="" ID="{A96C3578-80F4-49A3-B2F7-22639B698814}" coords="(1,1,267,26)"/>
        </link>
        <link targetPageID="29458027-2E1E-4207-BC32-A12FBDD03654" linkType="ltPageLink" isApplyIncludePage="False" title="Analista+de+dados+-+Google">
          <area shape="0" alt="" ID="{62BE2562-DB57-40B6-99A1-8B9C8D626E29}" coords="(1,26,267,51)"/>
        </link>
      </links>
      <font family="Segoe+UI" displayName="Segoe+UI" postScript="" weightStyle="Normal" weight="400" isBold="False" isItalic="False"/>
      <text>Cientista+de+dados+-+IBM%0D%0AAnalista+de+dados+-+Google</text>
      <textSize>14</textSize>
      <lineSpacing>0</lineSpacing>
      <selectedIndex>-1</selectedIndex>
    </control>
  </controls>
  <param>
    <backgroundColor>4294967295</backgroundColor>
    <fontSize>14</fontSize>
    <fontFamily>Segoe+UI</fontFamily>
    <guideLines/>
  </param>
</mockup>