﻿<mockup version="5.3" minAllowVersion="5.3" ID="5FCD8AE9-9EED-43FF-869A-7B3FD300E233" platform="MtWeb" defaultW="1200" defaultH="730" measureW="1200" measureH="730" mobileScreenScale="0">
  <controls controlCount="22">
    <control controlID="D09E4F4F-C3BD-4831-B0BA-47EBC686CD5E" controlTypeID="BrowserWindow" x="0" y="0" w="1200" h="730" zOrder="0">
      <color>533515468</color>
      <ShadowBlur>0</ShadowBlur>
      <font family="Segoe+UI" displayName="Segoe+UI_%26_Bold" postScript="" weightStyle="Bold" weight="700" isBold="True" isItalic="False"/>
      <text>Mockplus%0D%0Ahttps%3A%2F%2Fwww.mockplus.com</text>
      <textSize>14</textSize>
      <textVAlign>VaTop</textVAlign>
      <lineSpacing>0</lineSpacing>
      <textStyles>[fsBold]</textStyles>
      <selectedIndex>-1</selectedIndex>
    </control>
    <control controlID="60834164-F6FE-4CCB-AF15-92CDBFCD851D" controlTypeID="Panel" x="420" y="83" w="360" h="608" zOrder="1">
      <ShadowBlur>0</ShadowBlur>
      <groupChildrenDescriptors>
        <control controlID="8D56DC4D-04DC-4DE2-88B5-F599E640ACED" controlTypeID="Border" x="0" y="0" w="360" h="608" zOrder="0">
          <alias>borderLayer</alias>
          <ShadowBlur>0</ShadowBlur>
          <thickness>3</thickness>
        </control>
      </groupChildrenDescriptors>
      <thinkness>3</thinkness>
    </control>
    <control controlID="E3D2564C-63BC-4814-A58F-1DC96B951A81" controlTypeID="ImageCarousel" x="423" y="86" w="354" h="280" zOrder="2">
      <sizeLocked>True</sizeLocked>
      <ShadowBlur>0</ShadowBlur>
      <groupChildrenDescriptors>
        <control controlID="9E63A80C-A88C-4AA2-8888-83E511734AEB" controlTypeID="ImageBackground" x="0" y="0" w="354" h="280" zOrder="0">
          <caption>patreon-logo-05</caption>
          <ShadowBlur>0</ShadowBlur>
          <groupChildrenDescriptors/>
          <URL>71A4527945C965073D025690652F9D1A.png</URL>
        </control>
        <control controlID="0708AE1B-309B-42C5-9519-D7DFF54D4B1C" controlTypeID="ImageBackground" x="0" y="0" w="354" h="280" zOrder="1">
          <caption>patreon2</caption>
          <ShadowBlur>0</ShadowBlur>
          <groupChildrenDescriptors/>
          <URL>76DE0095DA65F05B718EE57F70D70CF3.png</URL>
        </control>
        <control controlID="D1295B0A-B68C-4671-9239-4F463C2F1E4E" controlTypeID="ImageBackground" x="0" y="0" w="354" h="280" zOrder="2">
          <caption>patreon1</caption>
          <ShadowBlur>0</ShadowBlur>
          <groupChildrenDescriptors/>
          <URL>A43CF6DE943D341333A628B11F97EAF8.png</URL>
        </control>
      </groupChildrenDescriptors>
      <aniType>spaSlide</aniType>
      <fitMode>fmStretchFit</fitMode>
    </control>
    <control controlID="DEEDDFEC-AA99-47CC-B79A-B816E1E603CA" controlTypeID="Panel" x="2" y="73" w="269" h="627" zOrder="3">
      <ShadowBlur>0</ShadowBlur>
      <groupChildrenDescriptors>
        <control controlID="A2A34D52-DF73-44A5-B52C-97B3223230FA" controlTypeID="Border" x="0" y="0" w="269" h="627" zOrder="0">
          <alias>borderLayer</alias>
          <ShadowBlur>0</ShadowBlur>
        </control>
      </groupChildrenDescriptors>
      <thinkness>1</thinkness>
    </control>
    <control controlID="A0611401-1B04-47F6-BC78-1C2D892F3BD5" controlTypeID="Image" x="12" y="83" w="48" h="48" zOrder="4">
      <ShadowBlur>0</ShadowBlur>
      <URL>5C9792CF275AF94FA100139FB8C4D2D6.jpg</URL>
    </control>
    <control controlID="E84C9586-576B-42B1-9294-9CBB1E18C817" controlTypeID="Icon" x="707" y="626" w="47" h="47" zOrder="5">
      <color>4278255462</color>
      <ShadowBlur>0</ShadowBlur>
      <links eventType="AtClick" animate="AmNone" animateAutoDelay="0" animateDuration="500">
        <link targetPageID="7D5CBFEF-77AC-4984-A477-A8BA755FEFEC" linkType="ltPageLink" isApplyIncludePage="False" title="Match2">
          <area shape="0" alt="" ID="{7F9CEEF4-550A-421F-9190-3A926A9CAE70}" coords="(0,0,47,47)"/>
        </link>
      </links>
      <icon>
        <ID/>
        <iconFontName>jdIonicons</iconFontName>
        <iconCode>61728</iconCode>
      </icon>
      <URL>472D9B715A86634DF2228F2D4118DC54.svg</URL>
    </control>
    <control controlID="B513158D-3C8B-4B0B-B8B2-189944025A99" controlTypeID="Icon" x="446" y="626" w="47" h="47" zOrder="6">
      <color>4294901760</color>
      <ShadowBlur>0</ShadowBlur>
      <icon>
        <ID/>
        <iconFontName>jdIonicons</iconFontName>
        <iconCode>61736</iconCode>
      </icon>
      <URL>76E3C884423CE3DD4C9E06A9BA836020.svg</URL>
    </control>
    <control controlID="3868DA37-E9CD-4F3E-9F89-789210C5F871" controlTypeID="CircleProgressBar" x="570" y="613" w="60" h="60" zOrder="7">
      <ShadowBlur>0</ShadowBlur>
      <font family="Segoe+UI" displayName="Segoe+UI" postScript="" weightStyle="Normal" weight="400" isBold="False" isItalic="False"/>
      <text>Circular+Progress+Bar</text>
      <textSize>14</textSize>
      <lineSpacing>0</lineSpacing>
      <selectedIndex>-1</selectedIndex>
      <value>73</value>
    </control>
    <control controlID="64384A95-BCB5-4A60-B5C2-2D86BCBA071C" controlTypeID="LabelTextInput" x="433" y="366" w="336" h="37" zOrder="8">
      <borderColor>4278190080</borderColor>
      <borderVisible>False</borderVisible>
      <opacity>0.600000023841858</opacity>
      <ShadowBlur>0</ShadowBlur>
      <font family="Segoe+UI" displayName="Segoe+UI" postScript="" weightStyle="Normal" weight="400" isBold="False" isItalic="False" useDefaultFontFamily="False"/>
      <text>Patreon%2C+Engenheiro+de+Software</text>
      <textSize>22</textSize>
      <lineSpacing>0</lineSpacing>
      <useDefaultTextSize>False</useDefaultTextSize>
      <selectedIndex>-1</selectedIndex>
      <radius>10</radius>
    </control>
    <control controlID="27177478-C984-43EF-874F-38D39FDFCF78" controlTypeID="LabelTextInput" x="438" y="421" w="280" h="24" zOrder="9">
      <borderVisible>False</borderVisible>
      <ShadowBlur>0</ShadowBlur>
      <font family="Segoe+UI" displayName="Segoe+UI" postScript="" weightStyle="Normal" weight="400" isBold="False" isItalic="False"/>
      <text>Descri%C3%A7%C3%A3o+da+vaga%3A</text>
      <textSize>14</textSize>
      <lineSpacing>0</lineSpacing>
      <selectedIndex>-1</selectedIndex>
    </control>
    <control controlID="2CD41CEF-C128-47F3-BDDE-AF2833C0DCFF" controlTypeID="Line" x="423" y="406" w="354" h="1" zOrder="10">
      <ShadowBlur>0</ShadowBlur>
      <font family="Segoe+UI" displayName="Segoe+UI" postScript="" weightStyle="Normal" weight="400" isBold="False" isItalic="False"/>
      <textSize>14</textSize>
      <lineSpacing>0</lineSpacing>
      <selectedIndex>-1</selectedIndex>
      <controlPoint>(177,0)</controlPoint>
      <startPoint>(0,0)</startPoint>
      <endPoint>(354,0)</endPoint>
    </control>
    <control controlID="BBBCFD3C-9634-42A6-858A-99AFC5E5CE69" controlTypeID="Line" x="518" y="368" w="1" h="38" zOrder="11">
      <ShadowBlur>0</ShadowBlur>
      <font family="Segoe+UI" displayName="Segoe+UI" postScript="" weightStyle="Normal" weight="400" isBold="False" isItalic="False"/>
      <textSize>14</textSize>
      <lineSpacing>0</lineSpacing>
      <selectedIndex>-1</selectedIndex>
      <controlPoint>(0,19)</controlPoint>
      <startPoint>(0,0)</startPoint>
      <endPoint>(0,38)</endPoint>
    </control>
    <control controlID="6F6E6C8B-64C4-4ADC-AAF2-1775D6C670E0" controlTypeID="Line" x="420" y="368" w="356" h="1" zOrder="12">
      <ShadowBlur>0</ShadowBlur>
      <font family="Segoe+UI" displayName="Segoe+UI" postScript="" weightStyle="Normal" weight="400" isBold="False" isItalic="False"/>
      <textSize>14</textSize>
      <lineSpacing>0</lineSpacing>
      <selectedIndex>-1</selectedIndex>
      <controlPoint>(178,0)</controlPoint>
      <startPoint>(0,0)</startPoint>
      <endPoint>(356,0)</endPoint>
    </control>
    <control controlID="BB93632B-0FCF-4475-8987-F7A9B43D1F4B" controlTypeID="TextArea" x="458" y="445" w="288" h="158" zOrder="13">
      <ShadowBlur>0</ShadowBlur>
      <font family="Segoe+UI" displayName="Segoe+UI" postScript="" weightStyle="Normal" weight="400" isBold="False" isItalic="False"/>
      <text>%E2%80%A2+Liderar+e+contribuir+para+o+desenvolvimento+de+projetos+cr%C3%ADticos%2C+mentoreando+e+trabalhando+com+outros+membros+de+equipe.%0D%0A%E2%80%A2+Ajudar+a+dimensionar+nossa+arquitetura+de+backend+e+a+migrar+para+um+futuro+orientado+a+servi%C3%A7os+(SOA).%0D%0A%E2%80%A2+Construir+um+produto+que+ajude+criadores+a+focarem+em+seus+trabalhos+enquanto+ganham+a+vida+por+meio+de+nossa+plataforma.</text>
      <selectedIndex>-1</selectedIndex>
    </control>
    <control controlID="A6C4FEB6-91B2-4AA9-B0F7-B8608AE7C2CC" controlTypeID="LabelTextInput" x="70" y="95" w="87" h="24" zOrder="14">
      <borderVisible>False</borderVisible>
      <ShadowBlur>0</ShadowBlur>
      <font family="Segoe+UI" displayName="Segoe+UI" postScript="" weightStyle="Normal" weight="400" isBold="False" isItalic="False"/>
      <text>Jo%C3%A3o+Silva</text>
      <textSize>14</textSize>
      <lineSpacing>0</lineSpacing>
      <selectedIndex>-1</selectedIndex>
    </control>
    <control controlID="4D1C050A-3E65-4262-A879-C351D7FCFCD5" controlTypeID="List" x="3" y="149" w="267" h="54" zOrder="15">
      <borderVisible>False</borderVisible>
      <ShadowBlur>0</ShadowBlur>
      <links eventType="AtClick" animate="AmNone" animateAutoDelay="0" animateDuration="500">
        <link targetPageID="57731481-2AE4-4439-B150-FC13FB657D69" linkType="ltPageLink" isApplyIncludePage="False" title="Chat">
          <area shape="0" alt="" ID="{4FA21C6D-FEB8-4864-873B-44F83FA109F6}" coords="(0,0,267,25)"/>
        </link>
        <link targetPageID="F4208BD3-690D-4FD0-A68C-C606D9AEDA85" linkType="ltPageLink" isApplyIncludePage="False" title="Perfil">
          <area shape="0" alt="" ID="{57752168-49B6-4CEF-B57E-E0E8AFDA257A}" coords="(0,25,267,50)"/>
        </link>
      </links>
      <font family="Segoe+UI" displayName="Segoe+UI" postScript="" weightStyle="Normal" weight="400" isBold="False" isItalic="False"/>
      <text>Chat%0D%0APerfil</text>
      <textSize>14</textSize>
      <lineSpacing>0</lineSpacing>
      <selectedIndex>-1</selectedIndex>
      <selectedTextColor>4294967295</selectedTextColor>
    </control>
    <control controlID="4D0E6672-BD7A-4EC1-BBC9-4D59F10CAF5A" controlTypeID="Icon" x="233" y="151" w="21" h="21" zOrder="16">
      <color>4294901760</color>
      <ShadowBlur>0</ShadowBlur>
      <icon>
        <ID/>
        <iconFontName>jdiconfontA</iconFontName>
        <iconCode>59691</iconCode>
      </icon>
      <URL>79E681A0879BEB9EEA0055755B4D934E.svg</URL>
    </control>
  </controls>
  <param>
    <backgroundColor>4294967295</backgroundColor>
    <fontSize>14</fontSize>
    <fontFamily>Segoe+UI</fontFamily>
    <guideLines/>
  </param>
</mockup>