﻿<mockup version="5.3" minAllowVersion="5.3" ID="6B8C7879-4E23-4C0A-A252-868CC52BA8A3" platform="MtWeb" defaultW="1200" defaultH="730" measureW="1200" measureH="730" mobileScreenScale="0">
  <controls controlCount="20">
    <control controlID="D09E4F4F-C3BD-4831-B0BA-47EBC686CD5E" controlTypeID="BrowserWindow" x="0" y="0" w="1200" h="730" zOrder="0">
      <color>533515468</color>
      <ShadowBlur>0</ShadowBlur>
      <font family="Segoe+UI" displayName="Segoe+UI_%26_Bold" postScript="" weightStyle="Bold" weight="700" isBold="True" isItalic="False"/>
      <text>Mockplus%0D%0Ahttps%3A%2F%2Fwww.mockplus.com</text>
      <textSize>14</textSize>
      <textVAlign>VaTop</textVAlign>
      <lineSpacing>0</lineSpacing>
      <textStyles>[fsBold]</textStyles>
      <selectedIndex>-1</selectedIndex>
    </control>
    <control controlID="60834164-F6FE-4CCB-AF15-92CDBFCD851D" controlTypeID="Panel" x="420" y="83" w="360" h="608" zOrder="1">
      <ShadowBlur>0</ShadowBlur>
      <groupChildrenDescriptors>
        <control controlID="8D56DC4D-04DC-4DE2-88B5-F599E640ACED" controlTypeID="Border" x="0" y="0" w="360" h="608" zOrder="0">
          <alias>borderLayer</alias>
          <ShadowBlur>0</ShadowBlur>
          <thickness>3</thickness>
        </control>
      </groupChildrenDescriptors>
      <thinkness>3</thinkness>
    </control>
    <control controlID="E3D2564C-63BC-4814-A58F-1DC96B951A81" controlTypeID="ImageCarousel" x="423" y="86" w="354" h="280" zOrder="2">
      <sizeLocked>True</sizeLocked>
      <ShadowBlur>0</ShadowBlur>
      <groupChildrenDescriptors>
        <control controlID="55EFAE38-74C7-4434-BFA7-3906CB728CC5" controlTypeID="ImageBackground" x="0" y="0" w="354" h="280" zOrder="0">
          <caption>amazon_logo</caption>
          <groupChildrenDescriptors/>
          <URL>B4F06C99320C50281A8B192F501CDD31.png</URL>
        </control>
        <control controlID="AA4061E6-790F-476D-8214-5F696329619F" controlTypeID="ImageBackground" x="0" y="0" w="354" h="280" zOrder="1">
          <caption>interior-view</caption>
          <groupChildrenDescriptors/>
          <URL>BC76A6E830B4FFBB81136DD68E713D70.png</URL>
        </control>
      </groupChildrenDescriptors>
      <aniType>spaSlide</aniType>
    </control>
    <control controlID="DEEDDFEC-AA99-47CC-B79A-B816E1E603CA" controlTypeID="Panel" x="2" y="73" w="269" h="627" zOrder="3">
      <ShadowBlur>0</ShadowBlur>
      <groupChildrenDescriptors>
        <control controlID="A2A34D52-DF73-44A5-B52C-97B3223230FA" controlTypeID="Border" x="0" y="0" w="269" h="627" zOrder="0">
          <alias>borderLayer</alias>
          <ShadowBlur>0</ShadowBlur>
        </control>
      </groupChildrenDescriptors>
      <thinkness>1</thinkness>
    </control>
    <control controlID="A0611401-1B04-47F6-BC78-1C2D892F3BD5" controlTypeID="Image" x="12" y="83" w="48" h="48" zOrder="4">
      <ShadowBlur>0</ShadowBlur>
      <URL>5C9792CF275AF94FA100139FB8C4D2D6.jpg</URL>
    </control>
    <control controlID="E84C9586-576B-42B1-9294-9CBB1E18C817" controlTypeID="Icon" x="707" y="626" w="47" h="47" zOrder="5">
      <color>4278255462</color>
      <ShadowBlur>0</ShadowBlur>
      <links eventType="AtClick" animate="AmNone" animateAutoDelay="0" animateDuration="500">
        <link targetPageID="B3AFE6D2-80B4-4526-B8E1-343CC7E91A01" linkType="ltPageLink" isApplyIncludePage="False" title="Match+Amazon">
          <area shape="0" alt="" ID="{FA2E4B59-ED4D-4AEC-B2B2-6173BDE36D9B}" coords="(0,0,47,47)"/>
        </link>
      </links>
      <icon>
        <ID/>
        <iconFontName>jdIonicons</iconFontName>
        <iconCode>61728</iconCode>
      </icon>
      <URL>472D9B715A86634DF2228F2D4118DC54.svg</URL>
    </control>
    <control controlID="B513158D-3C8B-4B0B-B8B2-189944025A99" controlTypeID="Icon" x="446" y="626" w="47" h="47" zOrder="6">
      <color>4294901760</color>
      <ShadowBlur>0</ShadowBlur>
      <icon>
        <ID/>
        <iconFontName>jdIonicons</iconFontName>
        <iconCode>61736</iconCode>
      </icon>
      <URL>76E3C884423CE3DD4C9E06A9BA836020.svg</URL>
    </control>
    <control controlID="3868DA37-E9CD-4F3E-9F89-789210C5F871" controlTypeID="CircleProgressBar" x="570" y="613" w="60" h="60" zOrder="7">
      <ShadowBlur>0</ShadowBlur>
      <links eventType="AtClick" animate="AmNone" animateAutoDelay="0" animateDuration="500">
        <link targetPageID="42582A35-0CA0-4936-836B-E8B9D79E6095" linkType="ltPageLink" isApplyIncludePage="False" title="Vaga+Amazon">
          <area shape="0" alt="" ID="{81DA0D8E-C713-452D-869F-7F7C9A19C17C}" coords="(0,0,60,60)"/>
        </link>
      </links>
      <font family="Segoe+UI" displayName="Segoe+UI" postScript="" weightStyle="Normal" weight="400" isBold="False" isItalic="False"/>
      <text>Circular+Progress+Bar</text>
      <textSize>14</textSize>
      <lineSpacing>0</lineSpacing>
      <selectedIndex>-1</selectedIndex>
      <value>65</value>
    </control>
    <control controlID="64384A95-BCB5-4A60-B5C2-2D86BCBA071C" controlTypeID="LabelTextInput" x="433" y="366" w="336" h="37" zOrder="8">
      <borderColor>4278190080</borderColor>
      <borderVisible>False</borderVisible>
      <opacity>0.600000023841858</opacity>
      <ShadowBlur>0</ShadowBlur>
      <font family="Segoe+UI" displayName="Segoe+UI" postScript="" weightStyle="Normal" weight="400" isBold="False" isItalic="False" useDefaultFontFamily="False"/>
      <text>Amazon%2C+++Cientista+de+Dados</text>
      <textSize>22</textSize>
      <lineSpacing>0</lineSpacing>
      <useDefaultTextSize>False</useDefaultTextSize>
      <selectedIndex>-1</selectedIndex>
      <radius>10</radius>
    </control>
    <control controlID="27177478-C984-43EF-874F-38D39FDFCF78" controlTypeID="LabelTextInput" x="438" y="421" w="280" h="24" zOrder="9">
      <borderVisible>False</borderVisible>
      <ShadowBlur>0</ShadowBlur>
      <font family="Segoe+UI" displayName="Segoe+UI" postScript="" weightStyle="Normal" weight="400" isBold="False" isItalic="False"/>
      <text>Descri%C3%A7%C3%A3o+da+vaga%3A</text>
      <textSize>14</textSize>
      <lineSpacing>0</lineSpacing>
      <selectedIndex>-1</selectedIndex>
    </control>
    <control controlID="2CD41CEF-C128-47F3-BDDE-AF2833C0DCFF" controlTypeID="Line" x="423" y="406" w="354" h="1" zOrder="10">
      <ShadowBlur>0</ShadowBlur>
      <font family="Segoe+UI" displayName="Segoe+UI" postScript="" weightStyle="Normal" weight="400" isBold="False" isItalic="False"/>
      <textSize>14</textSize>
      <lineSpacing>0</lineSpacing>
      <selectedIndex>-1</selectedIndex>
      <controlPoint>(177,0)</controlPoint>
      <startPoint>(0,0)</startPoint>
      <endPoint>(354,0)</endPoint>
    </control>
    <control controlID="BBBCFD3C-9634-42A6-858A-99AFC5E5CE69" controlTypeID="Line" x="525" y="368" w="1" h="38" zOrder="11">
      <ShadowBlur>0</ShadowBlur>
      <font family="Segoe+UI" displayName="Segoe+UI" postScript="" weightStyle="Normal" weight="400" isBold="False" isItalic="False"/>
      <textSize>14</textSize>
      <lineSpacing>0</lineSpacing>
      <selectedIndex>-1</selectedIndex>
      <controlPoint>(0,19)</controlPoint>
      <startPoint>(0,0)</startPoint>
      <endPoint>(0,38)</endPoint>
    </control>
    <control controlID="6F6E6C8B-64C4-4ADC-AAF2-1775D6C670E0" controlTypeID="Line" x="420" y="368" w="356" h="1" zOrder="12">
      <ShadowBlur>0</ShadowBlur>
      <font family="Segoe+UI" displayName="Segoe+UI" postScript="" weightStyle="Normal" weight="400" isBold="False" isItalic="False"/>
      <textSize>14</textSize>
      <lineSpacing>0</lineSpacing>
      <selectedIndex>-1</selectedIndex>
      <controlPoint>(178,0)</controlPoint>
      <startPoint>(0,0)</startPoint>
      <endPoint>(356,0)</endPoint>
    </control>
    <control controlID="BB93632B-0FCF-4475-8987-F7A9B43D1F4B" controlTypeID="TextArea" x="456" y="445" w="288" h="158" zOrder="13">
      <ShadowBlur>0</ShadowBlur>
      <font family="Segoe+UI" displayName="Segoe+UI" postScript="" weightStyle="Normal" weight="400" isBold="False" isItalic="False"/>
      <text>%E2%80%A2+Interessado+em+tornar+o+Amazon+Echo+mais+intuitivo%3F+Ajude-nos+a+personalizar+a+Alexa+para+cada+um+dos+nossos+clientes.+A+equipe+de+ID+de+Alto-falante+(reconhecimento+de+voz)+permite+que+a+Alexa+forne%C3%A7a+experi%C3%AAncia+personalizada+para+milh%C3%B5es+de+clientes+Alexa.%0D%0A%E2%80%A2+Nossa+miss%C3%A3o+%C3%A9+fazer+com+que+os+dispositivos+Alexa+se+tornem+seus+melhores+amigos%2C+reconhecendo+sua+voz+com+confian%C3%A7a.+No+n%C3%BAcleo%2C+usamos+modelos+de+redes+estat%C3%ADsticas+e+neurais+para+fazer+a+m%C3%A1gica+acontecer.+N%C3%B3s+somos+os+c%C3%A9rebros+por+tr%C3%A1s+de+%22Alexa%2C+quem+sou+eu%3F%22+%22Echo%2C+ligue+para+minha+m%C3%A3e%3F%22+E+muito+mais.+Ajudamos+milh%C3%B5es+de+clientes+Alexa+a+obter+experi%C3%AAncia+personalizada+24+horas+por+dia%2C+7+dias+por+semana.+%0D%0A+</text>
      <selectedIndex>-1</selectedIndex>
    </control>
    <control controlID="A6C4FEB6-91B2-4AA9-B0F7-B8608AE7C2CC" controlTypeID="LabelTextInput" x="70" y="95" w="87" h="24" zOrder="14">
      <borderVisible>False</borderVisible>
      <ShadowBlur>0</ShadowBlur>
      <font family="Segoe+UI" displayName="Segoe+UI" postScript="" weightStyle="Normal" weight="400" isBold="False" isItalic="False"/>
      <text>Jo%C3%A3o+Silva</text>
      <textSize>14</textSize>
      <lineSpacing>0</lineSpacing>
      <selectedIndex>-1</selectedIndex>
    </control>
    <control controlID="4D1C050A-3E65-4262-A879-C351D7FCFCD5" controlTypeID="List" x="3" y="149" w="267" h="54" zOrder="15">
      <borderVisible>False</borderVisible>
      <ShadowBlur>0</ShadowBlur>
      <links eventType="AtClick" animate="AmNone" animateAutoDelay="0" animateDuration="500">
        <link targetPageID="5F8E3EA6-9F28-4842-BA76-780205D76C3C" linkType="ltPageLink" isApplyIncludePage="False" title="Chat">
          <area shape="0" alt="" ID="{964A307C-3045-4844-BD50-006E9221C441}" coords="(0,0,267,25)"/>
        </link>
        <link targetPageID="AE1B261A-EF3D-4A3D-A5B5-D9F51A089EC1" linkType="ltPageLink" isApplyIncludePage="False" title="Perfil">
          <area shape="0" alt="" ID="{0757D9ED-781C-4106-A9C5-75A65D1034B6}" coords="(0,25,267,50)"/>
        </link>
      </links>
      <font family="Segoe+UI" displayName="Segoe+UI" postScript="" weightStyle="Normal" weight="400" isBold="False" isItalic="False"/>
      <text>Chat%0D%0APerfil</text>
      <textSize>14</textSize>
      <lineSpacing>0</lineSpacing>
      <selectedIndex>-1</selectedIndex>
      <selectedTextColor>4294967295</selectedTextColor>
    </control>
  </controls>
  <param>
    <backgroundColor>4294967295</backgroundColor>
    <fontSize>14</fontSize>
    <fontFamily>Segoe+UI</fontFamily>
    <guideLines/>
  </param>
</mockup>