﻿<mockup version="5.3" minAllowVersion="5.3" ID="7D5CBFEF-77AC-4984-A477-A8BA755FEFEC" platform="MtWeb" defaultW="1200" defaultH="730" measureW="1200" measureH="730" mobileScreenScale="0">
  <controls controlCount="20">
    <control controlID="D09E4F4F-C3BD-4831-B0BA-47EBC686CD5E" controlTypeID="BrowserWindow" x="0" y="0" w="1200" h="730" zOrder="0">
      <color>533515468</color>
      <ShadowBlur>0</ShadowBlur>
      <font family="Segoe+UI" displayName="Segoe+UI_%26_Bold" postScript="" weightStyle="Bold" weight="700" isBold="True" isItalic="False"/>
      <text>Mockplus%0D%0Ahttps%3A%2F%2Fwww.mockplus.com</text>
      <textSize>14</textSize>
      <textVAlign>VaTop</textVAlign>
      <lineSpacing>0</lineSpacing>
      <textStyles>[fsBold]</textStyles>
      <selectedIndex>-1</selectedIndex>
    </control>
    <control controlID="60834164-F6FE-4CCB-AF15-92CDBFCD851D" controlTypeID="Panel" x="420" y="83" w="360" h="608" zOrder="1">
      <color>4278255873</color>
      <ShadowBlur>0</ShadowBlur>
      <groupChildrenDescriptors>
        <control controlID="8D56DC4D-04DC-4DE2-88B5-F599E640ACED" controlTypeID="Border" x="0" y="0" w="360" h="608" zOrder="0">
          <alias>borderLayer</alias>
          <ShadowBlur>0</ShadowBlur>
          <thickness>3</thickness>
        </control>
      </groupChildrenDescriptors>
      <thinkness>3</thinkness>
    </control>
    <control controlID="DEEDDFEC-AA99-47CC-B79A-B816E1E603CA" controlTypeID="Panel" x="2" y="73" w="269" h="627" zOrder="2">
      <ShadowBlur>0</ShadowBlur>
      <groupChildrenDescriptors>
        <control controlID="A2A34D52-DF73-44A5-B52C-97B3223230FA" controlTypeID="Border" x="0" y="0" w="269" h="627" zOrder="0">
          <alias>borderLayer</alias>
          <ShadowBlur>0</ShadowBlur>
        </control>
      </groupChildrenDescriptors>
      <thinkness>1</thinkness>
    </control>
    <control controlID="A0611401-1B04-47F6-BC78-1C2D892F3BD5" controlTypeID="Image" x="12" y="83" w="48" h="48" zOrder="3">
      <ShadowBlur>0</ShadowBlur>
      <URL>5C9792CF275AF94FA100139FB8C4D2D6.jpg</URL>
    </control>
    <control controlID="A6C4FEB6-91B2-4AA9-B0F7-B8608AE7C2CC" controlTypeID="LabelTextInput" x="70" y="95" w="87" h="24" zOrder="4">
      <borderVisible>False</borderVisible>
      <ShadowBlur>0</ShadowBlur>
      <font family="Segoe+UI" displayName="Segoe+UI" postScript="" weightStyle="Normal" weight="400" isBold="False" isItalic="False"/>
      <text>Jo%C3%A3o+Silva</text>
      <textSize>14</textSize>
      <lineSpacing>0</lineSpacing>
      <selectedIndex>-1</selectedIndex>
    </control>
    <control controlID="4D1C050A-3E65-4262-A879-C351D7FCFCD5" controlTypeID="List" x="3" y="149" w="267" h="54" zOrder="5">
      <borderVisible>False</borderVisible>
      <ShadowBlur>0</ShadowBlur>
      <links eventType="AtClick" animate="AmNone" animateAutoDelay="0" animateDuration="500">
        <link targetPageID="57731481-2AE4-4439-B150-FC13FB657D69" linkType="ltPageLink" isApplyIncludePage="False" title="Chat">
          <area shape="0" alt="" ID="{4FA21C6D-FEB8-4864-873B-44F83FA109F6}" coords="(0,0,267,25)"/>
        </link>
        <link targetPageID="F4208BD3-690D-4FD0-A68C-C606D9AEDA85" linkType="ltPageLink" isApplyIncludePage="False" title="Perfil">
          <area shape="0" alt="" ID="{57752168-49B6-4CEF-B57E-E0E8AFDA257A}" coords="(0,25,267,50)"/>
        </link>
      </links>
      <font family="Segoe+UI" displayName="Segoe+UI" postScript="" weightStyle="Normal" weight="400" isBold="False" isItalic="False"/>
      <text>Chat%0D%0APerfil</text>
      <textSize>14</textSize>
      <lineSpacing>0</lineSpacing>
      <selectedIndex>-1</selectedIndex>
      <selectedTextColor>4294967295</selectedTextColor>
    </control>
    <control controlID="4D0E6672-BD7A-4EC1-BBC9-4D59F10CAF5A" controlTypeID="Icon" x="233" y="151" w="21" h="21" zOrder="6">
      <color>4294901760</color>
      <ShadowBlur>0</ShadowBlur>
      <icon>
        <ID/>
        <iconFontName>jdiconfontA</iconFontName>
        <iconCode>59691</iconCode>
      </icon>
      <URL>79E681A0879BEB9EEA0055755B4D934E.svg</URL>
    </control>
    <control controlID="4FEC54A7-E388-4195-BFAE-4B857045D23E" controlTypeID="Image" x="423" y="151" w="354" h="97" zOrder="7">
      <ShadowBlur>0</ShadowBlur>
      <URL>6DA1C6B1CC0F2D39D3E2B372A386EBAB.jpg</URL>
    </control>
    <control controlID="A30843AE-07C6-4756-90AA-66ED417FDCAF" controlTypeID="Image" x="439" y="305" w="120" h="120" zOrder="8">
      <ShadowBlur>0</ShadowBlur>
      <URL>5C9792CF275AF94FA100139FB8C4D2D6.jpg</URL>
    </control>
    <control controlID="149230D0-D8C4-460F-AE38-9FBE98C6CF2A" controlTypeID="Image" x="641" y="305" w="120" h="120" zOrder="9">
      <ShadowBlur>0</ShadowBlur>
      <URL>F3D4EECD613DBCDDF545228EF15DD1CE.jpg</URL>
    </control>
    <control controlID="8E8FAD55-F8F6-4F4F-AE0B-F0D19DE8CBA6" controlTypeID="Icon" x="523" y="472" w="24" h="24" zOrder="10">
      <color>4294967295</color>
      <ShadowBlur>0</ShadowBlur>
      <icon>
        <ID/>
        <iconFontName>jdFontAwesome</iconFontName>
        <iconCode>61574</iconCode>
      </icon>
      <URL>EE77E1FBB1518C0566FB0D234C704469.svg</URL>
    </control>
    <control controlID="59774F7C-B900-4E31-AA32-394D0F6B853C" controlTypeID="__group__" x="515" y="468" w="170" h="32" zOrder="11">
      <ShadowBlur>0</ShadowBlur>
      <links eventType="AtClick" animate="AmNone" animateAutoDelay="0" animateDuration="500">
        <link targetPageID="4BA0DA90-91F3-4051-8063-0C7B1620694F" linkType="ltPageLink" isApplyIncludePage="False" title="Chat7">
          <area shape="0" alt="" ID="{2E4ABF65-B1A2-4E92-85AB-C87A53683E8A}" coords="(0,0,170,32)"/>
        </link>
      </links>
      <groupChildrenDescriptors>
        <control controlID="2997029D-7A6B-4048-AE48-CE77A7653167" controlTypeID="Button" x="0" y="0" w="170" h="32" zOrder="0">
          <color>16777215</color>
          <borderColor>4294967295</borderColor>
          <ShadowBlur>0</ShadowBlur>
          <links eventType="AtClick" animate="AmNone" animateAutoDelay="0" animateDuration="500">
            <link targetPageID="0B587FB0-FF8F-476D-95FB-C70178B6A7CD" linkType="ltPageLink" isApplyIncludePage="False" title="Chat2">
              <area shape="0" alt="" ID="{CAA0C482-0E9E-4CDD-AF87-CD1EF70315BC}" coords="(0,0,170,32)"/>
            </link>
          </links>
          <font family="Segoe+UI" displayName="Segoe+UI" postScript="" weightStyle="Normal" weight="400" isBold="False" isItalic="False"/>
          <lineSpacing>0</lineSpacing>
          <selectedIndex>-1</selectedIndex>
          <radius>4</radius>
        </control>
        <control controlID="FA697DBA-90D8-4851-9456-8897FE6AFE3F" controlTypeID="TextArea" x="51" y="7" w="106" h="18" zOrder="1">
          <ShadowBlur>0</ShadowBlur>
          <font family="Segoe+UI" displayName="Segoe+UI" postScript="" weightStyle="Normal" weight="400" isBold="False" isItalic="False"/>
          <text>Enviar+mensagem</text>
          <textColor>4294967295</textColor>
          <textSize>13</textSize>
          <useDefaultTextSize>False</useDefaultTextSize>
          <selectedIndex>-1</selectedIndex>
        </control>
      </groupChildrenDescriptors>
    </control>
    <control controlID="64673D13-1DA9-41A3-AFE2-48BE3D0CA478" controlTypeID="__group__" x="515" y="529" w="170" h="32" zOrder="12">
      <ShadowBlur>0</ShadowBlur>
      <groupChildrenDescriptors>
        <control controlID="0A752764-4296-460B-8BA8-825FEBC28D9A" controlTypeID="Button" x="0" y="0" w="170" h="32" zOrder="0">
          <color>16777215</color>
          <borderColor>4294967295</borderColor>
          <ShadowBlur>0</ShadowBlur>
          <links eventType="AtClick" animate="AmNone" animateAutoDelay="0" animateDuration="500">
            <link targetPageID="0675F74C-F4F6-45C5-BDED-C03391BBCAEB" linkType="ltPageLink" isApplyIncludePage="False" title="Home2">
              <area shape="0" alt="" ID="{CAA0C482-0E9E-4CDD-AF87-CD1EF70315BC}" coords="(0,0,170,32)"/>
            </link>
          </links>
          <font family="Segoe+UI" displayName="Segoe+UI" postScript="" weightStyle="Normal" weight="400" isBold="False" isItalic="False"/>
          <lineSpacing>0</lineSpacing>
          <selectedIndex>-1</selectedIndex>
          <radius>4</radius>
        </control>
        <control controlID="0484C02F-7483-47D0-B305-14B927F4DC2D" controlTypeID="Icon" x="8" y="4" w="24" h="24" zOrder="1">
          <color>4294967295</color>
          <ShadowBlur>0</ShadowBlur>
          <icon>
            <ID/>
            <iconFontName>jdIonicons</iconFontName>
            <iconCode>62447</iconCode>
          </icon>
          <URL>CF7CE7FF02A87E29342EA9DC5BF94E08.svg</URL>
        </control>
        <control controlID="32A60214-C093-403F-AD1F-196216E6699C" controlTypeID="TextArea" x="40" y="7" w="128" h="18" zOrder="2">
          <ShadowBlur>0</ShadowBlur>
          <font family="Segoe+UI" displayName="Segoe+UI" postScript="" weightStyle="Normal" weight="400" isBold="False" isItalic="False"/>
          <text>Continuar+procurando</text>
          <textColor>4294967295</textColor>
          <textSize>13</textSize>
          <useDefaultTextSize>False</useDefaultTextSize>
          <selectedIndex>-1</selectedIndex>
        </control>
      </groupChildrenDescriptors>
    </control>
  </controls>
  <param>
    <backgroundColor>4294967295</backgroundColor>
    <fontSize>14</fontSize>
    <fontFamily>Segoe+UI</fontFamily>
    <guideLines/>
  </param>
</mockup>