﻿<mockup version="5.3" minAllowVersion="5.3" ID="256E32C2-5A25-4266-839F-BA23E49C0749" platform="MtWeb" defaultW="1200" defaultH="730" measureW="1200" measureH="730" mobileScreenScale="0">
  <controls controlCount="21">
    <control controlID="D09E4F4F-C3BD-4831-B0BA-47EBC686CD5E" controlTypeID="BrowserWindow" x="0" y="0" w="1200" h="730" zOrder="0">
      <color>533515468</color>
      <font family="Segoe+UI" displayName="Segoe+UI_%26_Bold" postScript="" weightStyle="Bold" weight="700" isBold="True" isItalic="False"/>
      <text>Mockplus%0D%0Ahttps%3A%2F%2Fwww.mockplus.com</text>
      <textSize>14</textSize>
      <textVAlign>VaTop</textVAlign>
      <lineSpacing>0</lineSpacing>
      <textStyles>[fsBold]</textStyles>
      <selectedIndex>-1</selectedIndex>
    </control>
    <control controlID="60834164-F6FE-4CCB-AF15-92CDBFCD851D" controlTypeID="Panel" x="420" y="83" w="360" h="608" zOrder="1">
      <groupChildrenDescriptors>
        <control controlID="8D56DC4D-04DC-4DE2-88B5-F599E640ACED" controlTypeID="Border" x="0" y="0" w="360" h="608" zOrder="0">
          <alias>borderLayer</alias>
          <thickness>3</thickness>
        </control>
      </groupChildrenDescriptors>
      <thinkness>3</thinkness>
    </control>
    <control controlID="E3D2564C-63BC-4814-A58F-1DC96B951A81" controlTypeID="ImageCarousel" x="423" y="86" w="354" h="280" zOrder="2">
      <sizeLocked>True</sizeLocked>
      <groupChildrenDescriptors>
        <control controlID="335A9847-E612-489C-B288-02EB256BB077" controlTypeID="ImageBackground" x="0" y="0" w="354" h="280" zOrder="0">
          <caption>download</caption>
          <groupChildrenDescriptors/>
          <URL>3B5602C424DB32CD57B808F2DF1E9A84.png</URL>
        </control>
      </groupChildrenDescriptors>
      <aniType>spaSlide</aniType>
    </control>
    <control controlID="DEEDDFEC-AA99-47CC-B79A-B816E1E603CA" controlTypeID="Panel" x="2" y="73" w="269" h="627" zOrder="3">
      <groupChildrenDescriptors>
        <control controlID="A2A34D52-DF73-44A5-B52C-97B3223230FA" controlTypeID="Border" x="0" y="0" w="269" h="627" zOrder="0">
          <alias>borderLayer</alias>
        </control>
      </groupChildrenDescriptors>
      <thinkness>1</thinkness>
    </control>
    <control controlID="E84C9586-576B-42B1-9294-9CBB1E18C817" controlTypeID="Icon" x="707" y="626" w="47" h="47" zOrder="4">
      <color>4278255462</color>
      <links eventType="AtClick" animate="AmNone" animateAutoDelay="0" animateDuration="500">
        <link targetPageID="256E32C2-5A25-4266-839F-BA23E49C0749" linkType="ltPageLink" isApplyIncludePage="False" title="Home2">
          <area shape="0" alt="" ID="{94D9D095-DB8D-43CF-942F-2EF44C9446F3}" coords="(0,0,47,47)"/>
        </link>
      </links>
      <icon>
        <ID/>
        <iconFontName>jdIonicons</iconFontName>
        <iconCode>61728</iconCode>
      </icon>
      <URL>472D9B715A86634DF2228F2D4118DC54.svg</URL>
    </control>
    <control controlID="B513158D-3C8B-4B0B-B8B2-189944025A99" controlTypeID="Icon" x="446" y="626" w="47" h="47" zOrder="5">
      <color>4294901760</color>
      <icon>
        <ID/>
        <iconFontName>jdIonicons</iconFontName>
        <iconCode>61736</iconCode>
      </icon>
      <URL>76E3C884423CE3DD4C9E06A9BA836020.svg</URL>
    </control>
    <control controlID="3868DA37-E9CD-4F3E-9F89-789210C5F871" controlTypeID="CircleProgressBar" x="570" y="613" w="60" h="60" zOrder="6">
      <links eventType="AtClick" animate="AmNone" animateAutoDelay="0" animateDuration="500">
        <link targetPageID="1D788149-3630-48AE-B55C-67C09E4910A0" linkType="ltPageLink" isApplyIncludePage="False" title="Perfil+candidato">
          <area shape="0" alt="" ID="{DD45ED44-6702-470A-A4EF-2AF2FB3D49E8}" coords="(0,0,60,60)"/>
        </link>
      </links>
      <font family="Segoe+UI" displayName="Segoe+UI" postScript="" weightStyle="Normal" weight="400" isBold="False" isItalic="False"/>
      <text>Circular+Progress+Bar</text>
      <textSize>14</textSize>
      <lineSpacing>0</lineSpacing>
      <selectedIndex>-1</selectedIndex>
      <value>80</value>
    </control>
    <control controlID="64384A95-BCB5-4A60-B5C2-2D86BCBA071C" controlTypeID="LabelTextInput" x="434" y="369" w="342" h="37" zOrder="7">
      <borderColor>4278190080</borderColor>
      <borderVisible>False</borderVisible>
      <opacity>0.600000023841858</opacity>
      <font family="Segoe+UI" displayName="Segoe+UI" postScript="" weightStyle="Normal" weight="400" isBold="False" isItalic="False" useDefaultFontFamily="False"/>
      <text>JO%C3%83O+SILVA%2C+++++++++++++++++++++++++25</text>
      <textSize>24</textSize>
      <lineSpacing>0</lineSpacing>
      <useDefaultTextSize>False</useDefaultTextSize>
      <selectedIndex>-1</selectedIndex>
      <radius>10</radius>
    </control>
    <control controlID="27177478-C984-43EF-874F-38D39FDFCF78" controlTypeID="LabelTextInput" x="438" y="421" w="280" h="24" zOrder="8">
      <borderVisible>False</borderVisible>
      <font family="Segoe+UI" displayName="Segoe+UI" postScript="" weightStyle="Normal" weight="400" isBold="False" isItalic="False"/>
      <text>Habilidades%3A</text>
      <textSize>14</textSize>
      <lineSpacing>0</lineSpacing>
      <selectedIndex>-1</selectedIndex>
    </control>
    <control controlID="2CD41CEF-C128-47F3-BDDE-AF2833C0DCFF" controlTypeID="Line" x="423" y="406" w="354" h="1" zOrder="9">
      <font family="Segoe+UI" displayName="Segoe+UI" postScript="" weightStyle="Normal" weight="400" isBold="False" isItalic="False"/>
      <textSize>14</textSize>
      <lineSpacing>0</lineSpacing>
      <selectedIndex>-1</selectedIndex>
      <controlPoint>(177,0)</controlPoint>
      <startPoint>(0,0)</startPoint>
      <endPoint>(354,0)</endPoint>
    </control>
    <control controlID="BBBCFD3C-9634-42A6-858A-99AFC5E5CE69" controlTypeID="Line" x="723" y="368" w="1" h="38" zOrder="10">
      <font family="Segoe+UI" displayName="Segoe+UI" postScript="" weightStyle="Normal" weight="400" isBold="False" isItalic="False"/>
      <textSize>14</textSize>
      <lineSpacing>0</lineSpacing>
      <selectedIndex>-1</selectedIndex>
      <controlPoint>(0,19)</controlPoint>
      <startPoint>(0,0)</startPoint>
      <endPoint>(0,38)</endPoint>
    </control>
    <control controlID="6F6E6C8B-64C4-4ADC-AAF2-1775D6C670E0" controlTypeID="Line" x="420" y="368" w="356" h="1" zOrder="11">
      <font family="Segoe+UI" displayName="Segoe+UI" postScript="" weightStyle="Normal" weight="400" isBold="False" isItalic="False"/>
      <textSize>14</textSize>
      <lineSpacing>0</lineSpacing>
      <selectedIndex>-1</selectedIndex>
      <controlPoint>(178,0)</controlPoint>
      <startPoint>(0,0)</startPoint>
      <endPoint>(356,0)</endPoint>
    </control>
    <control controlID="BB93632B-0FCF-4475-8987-F7A9B43D1F4B" controlTypeID="TextArea" x="458" y="445" w="288" h="158" zOrder="12">
      <font family="Segoe+UI" displayName="Segoe+UI" postScript="" weightStyle="Normal" weight="400" isBold="False" isItalic="False"/>
      <text>%E2%80%A2+C%0D%0A%E2%80%A2+C%23%0D%0A%E2%80%A2+Django%0D%0A%E2%80%A2+Java%0D%0A%E2%80%A2+Linux%0D%0A%E2%80%A2+PHP%0D%0A%E2%80%A2+Python%0D%0A%E2%80%A2+R%0D%0A%E2%80%A2+SQL%0D%0A%E2%80%A2+Windows</text>
      <selectedIndex>-1</selectedIndex>
    </control>
    <control controlID="4D1C050A-3E65-4262-A879-C351D7FCFCD5" controlTypeID="List" x="3" y="149" w="267" h="81" zOrder="13">
      <borderVisible>False</borderVisible>
      <font family="Segoe+UI" displayName="Segoe+UI" postScript="" weightStyle="Normal" weight="400" isBold="False" isItalic="False"/>
      <text>Chat%0D%0APerfil%0D%0AVagas</text>
      <textSize>14</textSize>
      <lineSpacing>0</lineSpacing>
      <selectedIndex>-1</selectedIndex>
      <selectedTextColor>4294967295</selectedTextColor>
    </control>
    <control controlID="85BE716A-AAFF-4A31-8979-D7408611DF67" controlTypeID="LabelTextInput" x="70" y="95" w="87" h="24" zOrder="14">
      <borderVisible>False</borderVisible>
      <font family="Segoe+UI" displayName="Segoe+UI" postScript="" weightStyle="Normal" weight="400" isBold="False" isItalic="False"/>
      <text>Amazon</text>
      <textSize>14</textSize>
      <lineSpacing>0</lineSpacing>
      <selectedIndex>-1</selectedIndex>
    </control>
    <control controlID="C55160E1-FDFC-4345-A456-BEB8C9277E7B" controlTypeID="Image" x="12" y="83" w="48" h="48" zOrder="15">
      <ShadowBlur>0</ShadowBlur>
      <URL>B4F06C99320C50281A8B192F501CDD31.png</URL>
    </control>
    <control controlID="80323A2F-81F5-434A-8D90-CC26C9B82244" controlTypeID="TextInput" x="853" y="161" w="239" h="33" zOrder="16">
      <color>4294572537</color>
      <borderColor>4278190080</borderColor>
      <font family="Segoe+UI" displayName="Segoe+UI" postScript="" weightStyle="Normal" weight="400" isBold="False" isItalic="False"/>
      <text>Vaga+-+Cientista+de+dados</text>
      <textSize>18</textSize>
      <lineSpacing>0</lineSpacing>
      <useDefaultTextSize>False</useDefaultTextSize>
      <selectedIndex>-1</selectedIndex>
      <radius>12</radius>
    </control>
    <control controlID="30037B6B-8CBD-4C73-9793-F72028A7E88C" controlTypeID="LabelTextInput" x="905" y="212" w="134" h="28" zOrder="17">
      <color>16777215</color>
      <borderVisible>False</borderVisible>
      <font family="Segoe+UI" displayName="Segoe+UI" postScript="" weightStyle="Normal" weight="400" isBold="False" isItalic="False"/>
      <text>Candidato%2C+1%2F9</text>
      <textSize>18</textSize>
      <lineSpacing>0</lineSpacing>
      <useDefaultTextSize>False</useDefaultTextSize>
      <selectedIndex>-1</selectedIndex>
    </control>
  </controls>
  <param>
    <backgroundColor>4294967295</backgroundColor>
    <fontSize>14</fontSize>
    <fontFamily>Segoe+UI</fontFamily>
    <guideLines/>
  </param>
</mockup>