﻿<mockup version="5.3" minAllowVersion="5.3" ID="9FB19A10-6253-4D87-BE62-0C2815675A04" platform="MtWeb" defaultW="1200" defaultH="730" measureW="1200" measureH="730" mobileScreenScale="0">
  <controls controlCount="17">
    <control controlID="D09E4F4F-C3BD-4831-B0BA-47EBC686CD5E" controlTypeID="BrowserWindow" x="0" y="0" w="1200" h="730" zOrder="0">
      <color>533515468</color>
      <font family="Segoe+UI" displayName="Segoe+UI_%26_Bold" postScript="" weightStyle="Bold" weight="700" isBold="True" isItalic="False"/>
      <text>Mockplus%0D%0Ahttps%3A%2F%2Fwww.mockplus.com</text>
      <textSize>14</textSize>
      <textVAlign>VaTop</textVAlign>
      <lineSpacing>0</lineSpacing>
      <textStyles>[fsBold]</textStyles>
      <selectedIndex>-1</selectedIndex>
    </control>
    <control controlID="DEEDDFEC-AA99-47CC-B79A-B816E1E603CA" controlTypeID="Panel" x="2" y="73" w="269" h="627" zOrder="1">
      <groupChildrenDescriptors>
        <control controlID="A2A34D52-DF73-44A5-B52C-97B3223230FA" controlTypeID="Border" x="0" y="0" w="269" h="627" zOrder="0">
          <alias>borderLayer</alias>
        </control>
      </groupChildrenDescriptors>
      <thinkness>1</thinkness>
    </control>
    <control controlID="4D1C050A-3E65-4262-A879-C351D7FCFCD5" controlTypeID="List" x="3" y="149" w="267" h="81" zOrder="2">
      <borderVisible>False</borderVisible>
      <links eventType="AtClick" animate="AmNone" animateAutoDelay="0" animateDuration="500">
        <link targetPageID="F4645122-5605-4749-8DA2-ED5720E1EB8C" linkType="ltPageLink" isApplyIncludePage="False" title="Home">
          <area shape="0" alt="" ID="{F5558AF2-7A70-4F18-84F5-818E0E21DDB6}" coords="(0,0,267,25)"/>
        </link>
        <link targetPageID="B8D90EAB-E024-4C9B-AB9D-5C55410D2598" linkType="ltPageLink" isApplyIncludePage="False" title="Perfil">
          <area shape="0" alt="" ID="{2F86427A-76FC-484B-8956-4E336E34F209}" coords="(0,25,267,50)"/>
        </link>
        <link targetPageID="F65F260C-B2BE-4BAA-8341-05F29EADC4CC" linkType="ltPageLink" isApplyIncludePage="False" title="Vagas">
          <area shape="0" alt="" ID="{4865EA29-F864-4C9C-8F61-0345CF968E5D}" coords="(0,50,267,75)"/>
        </link>
      </links>
      <font family="Segoe+UI" displayName="Segoe+UI" postScript="" weightStyle="Normal" weight="400" isBold="False" isItalic="False"/>
      <text>Home%0D%0APerfil%0D%0AVagas</text>
      <textSize>14</textSize>
      <lineSpacing>0</lineSpacing>
      <selectedIndex>-1</selectedIndex>
      <selectedTextColor>4294967295</selectedTextColor>
    </control>
    <control controlID="667A6166-BC4A-4ACD-9153-7CEE5FD6068E" controlTypeID="LabelTextInput" x="70" y="95" w="87" h="24" zOrder="3">
      <borderVisible>False</borderVisible>
      <font family="Segoe+UI" displayName="Segoe+UI" postScript="" weightStyle="Normal" weight="400" isBold="False" isItalic="False"/>
      <text>Amazon</text>
      <textSize>14</textSize>
      <lineSpacing>0</lineSpacing>
      <selectedIndex>-1</selectedIndex>
    </control>
    <control controlID="208E71E3-232C-4FE2-AD81-64E4BA94B1BA" controlTypeID="Image" x="12" y="83" w="48" h="48" zOrder="4">
      <ShadowBlur>0</ShadowBlur>
      <URL>B4F06C99320C50281A8B192F501CDD31.png</URL>
    </control>
    <control controlID="84CE9398-9820-4A41-BBD0-D34B7681E8E0" controlTypeID="HRule" x="3" y="225" w="267" h="12" zOrder="5">
      <ShadowBlur>0</ShadowBlur>
    </control>
    <control controlID="D309087F-63D1-4C6E-A270-0E30D9FC6A5D" controlTypeID="Search" x="3" y="233" w="267" h="27" zOrder="6">
      <ShadowBlur>0</ShadowBlur>
      <font family="Segoe+UI" displayName="Segoe+UI" postScript="" weightStyle="Normal" weight="400" isBold="False" isItalic="False"/>
      <text>Buscar+vagas</text>
      <textSize>14</textSize>
      <textVAlign>VaTop</textVAlign>
      <lineSpacing>0</lineSpacing>
      <selectedIndex>-1</selectedIndex>
    </control>
    <control controlID="5212BC18-1541-41B2-975B-22D279288CD6" controlTypeID="List" x="3" y="261" w="268" h="400" zOrder="7">
      <ShadowBlur>0</ShadowBlur>
      <interactiveData>
        <entry title="Jo%C3%A3o+Silva+-+Cientista+de+Dados">
          <area shape="0" alt="" ID="{9288D360-B4E3-492F-8D79-B25736410AA7}" coords="(1,1,267,26)"/>
          <events title="">
            <event eventType="atClick" isChecked="True">
              <behaviour title="" isChecked="True" isWait="False" isLoop="False" execMode="emParallel">
                <target targetID="C2F49826-36D8-4E09-8AD5-C89324CCC7F8" isChecked="True" isAutoRecovery="False" isLoop="False" execMode="emSequence">
                  <command name="Change Visibility" isChecked="True" descrition="">
                    <param name="AniInterpolation" value="1" varType="3" description=""/>
                    <param name="AniDuration" value="200" varType="3" description=""/>
                    <param name="AniAutoReverse" value="False" varType="11" description=""/>
                    <param name="AniLoop" value="False" varType="11" description=""/>
                    <param name="AniInterpolationTypeOut" value="False" varType="11" description=""/>
                    <param name="Delay" value="0" varType="3" description=""/>
                    <param name="ValueFromCurrent" value="True" varType="11" description=""/>
                    <param name="ForceFromInitValue" value="False" varType="11" description=""/>
                    <param name="ForceSetVisible" value="False" varType="11" description=""/>
                    <param name="Value" value="2" varType="3" description=""/>
                    <param name="TerminateLoopByClick" value="True" varType="11" description=""/>
                  </command>
                </target>
              </behaviour>
            </event>
          </events>
        </entry>
        <entry title="+">
          <area shape="0" alt="" ID="{FD8999F8-B28A-4636-9078-AE7760237376}" coords="(1,26,267,51)"/>
          <events title=""/>
        </entry>
      </interactiveData>
      <font family="Segoe+UI" displayName="Segoe+UI" postScript="" weightStyle="Normal" weight="400" isBold="False" isItalic="False"/>
      <text>Jo%C3%A3o+Silva+-+Cientista+de+Dados%0D%0A+</text>
      <textSize>14</textSize>
      <lineSpacing>0</lineSpacing>
      <selectedIndex>-1</selectedIndex>
    </control>
    <control controlID="C2F49826-36D8-4E09-8AD5-C89324CCC7F8" controlTypeID="__group__" x="271" y="73" w="929" h="627" zOrder="8">
      <isShow>False</isShow>
      <ShadowBlur>0</ShadowBlur>
      <groupChildrenDescriptors>
        <control controlID="6C9FA428-4722-49A3-89E0-501C428A962C" controlTypeID="Panel" x="0" y="0" w="929" h="627" zOrder="0">
          <borderColor>4278190080</borderColor>
          <ShadowBlur>0</ShadowBlur>
          <groupChildrenDescriptors>
            <control controlID="21438D49-BA79-49A3-8EA2-8A517B1773F4" controlTypeID="Border" x="0" y="0" w="929" h="627" zOrder="0">
              <borderColor>4278190080</borderColor>
              <alias>borderLayer</alias>
              <ShadowBlur>0</ShadowBlur>
              <thickness>3</thickness>
            </control>
          </groupChildrenDescriptors>
          <thinkness>3</thinkness>
        </control>
        <control controlID="F0BB6DCF-E074-43CB-8238-72B063BB681B" controlTypeID="Button" x="847" y="587" w="70" h="28" zOrder="1">
          <color>2966211788</color>
          <borderVisible>False</borderVisible>
          <ShadowBlur>0</ShadowBlur>
          <font family="Segoe+UI" displayName="Segoe+UI_%26_Bold" postScript="" weightStyle="Bold" weight="700" isBold="True" isItalic="False"/>
          <text>ENVIAR</text>
          <textColor>4294967295</textColor>
          <lineSpacing>0</lineSpacing>
          <textStyles>[fsBold]</textStyles>
          <selectedIndex>-1</selectedIndex>
          <radius>14</radius>
        </control>
        <control controlID="A51EAA87-937F-467F-9AB4-8800D68A8DCB" controlTypeID="HRule" x="3" y="569" w="926" h="12" zOrder="2">
          <ShadowBlur>0</ShadowBlur>
          <thickness>1</thickness>
        </control>
        <control controlID="1A73757F-B70E-49B2-8A5B-EC14504F073D" controlTypeID="TextInput" x="22" y="585" w="807" h="33" zOrder="3">
          <borderColor>4292664540</borderColor>
          <ShadowBlur>0</ShadowBlur>
          <font family="Segoe+UI" displayName="Segoe+UI" postScript="" weightStyle="Normal" weight="400" isBold="False" isItalic="False"/>
          <lineSpacing>0</lineSpacing>
          <selectedIndex>-1</selectedIndex>
          <placeHolder>Digite+uma+mensagem</placeHolder>
          <radius>12</radius>
        </control>
        <control controlID="E254EBC8-A810-41FF-83F1-48AAB8A83B49" controlTypeID="TextInput" x="764" y="500" w="135" h="24" zOrder="4">
          <color>4282501083</color>
          <borderVisible>False</borderVisible>
          <ShadowBlur>0</ShadowBlur>
          <font family="Segoe+UI" displayName="Segoe+UI" postScript="" weightStyle="Normal" weight="400" isBold="False" isItalic="False"/>
          <text>Boa+tarde%2C+Jo%C3%A3o!</text>
          <textColor>4294967295</textColor>
          <lineSpacing>0</lineSpacing>
          <selectedIndex>-1</selectedIndex>
          <radius>12</radius>
        </control>
        <control controlID="EBBDF421-1456-41A3-9A8C-5F0670640620" controlTypeID="TextInput" x="396" y="534" w="503" h="24" zOrder="5">
          <color>4282501083</color>
          <borderVisible>False</borderVisible>
          <ShadowBlur>0</ShadowBlur>
          <font family="Segoe+UI" displayName="Segoe+UI" postScript="" weightStyle="Normal" weight="400" isBold="False" isItalic="False"/>
          <text>Gostamos+bastante+do+seu+perfil.+Quando+podemos+marcar+uma+entrevista%3F</text>
          <textColor>4294967295</textColor>
          <lineSpacing>0</lineSpacing>
          <selectedIndex>-1</selectedIndex>
          <radius>12</radius>
        </control>
      </groupChildrenDescriptors>
    </control>
  </controls>
  <param>
    <backgroundColor>4294967295</backgroundColor>
    <fontSize>14</fontSize>
    <fontFamily>Segoe+UI</fontFamily>
    <guideLines/>
  </param>
</mockup>