﻿<mockup version="5.3" minAllowVersion="5.3" ID="A3A4D58B-DB6E-43C1-90DC-73859484DAC8" platform="MtWeb" defaultW="1200" defaultH="730" measureW="1200" measureH="730" mobileScreenScale="0">
  <controls controlCount="12">
    <control controlID="D09E4F4F-C3BD-4831-B0BA-47EBC686CD5E" controlTypeID="BrowserWindow" x="0" y="0" w="1200" h="730" zOrder="0">
      <color>533515468</color>
      <font family="Segoe+UI" displayName="Segoe+UI_%26_Bold" postScript="" weightStyle="Bold" weight="700" isBold="True" isItalic="False"/>
      <text>Mockplus%0D%0Ahttps%3A%2F%2Fwww.mockplus.com</text>
      <textSize>14</textSize>
      <textVAlign>VaTop</textVAlign>
      <lineSpacing>0</lineSpacing>
      <textStyles>[fsBold]</textStyles>
      <selectedIndex>-1</selectedIndex>
    </control>
    <control controlID="60834164-F6FE-4CCB-AF15-92CDBFCD851D" controlTypeID="Panel" x="420" y="83" w="360" h="608" zOrder="1">
      <groupChildrenDescriptors>
        <control controlID="8D56DC4D-04DC-4DE2-88B5-F599E640ACED" controlTypeID="Border" x="0" y="0" w="360" h="608" zOrder="0">
          <alias>borderLayer</alias>
          <thickness>3</thickness>
        </control>
      </groupChildrenDescriptors>
      <thinkness>3</thinkness>
    </control>
    <control controlID="5950A5D8-9431-4EC7-ACC3-B1E6FD3D7E91" controlTypeID="Shape" x="437" y="111" w="333" h="45" zOrder="2">
      <borderVisible>False</borderVisible>
      <font family="Segoe+UI" displayName="Segoe+UI_%26_Bold" postScript="" weightStyle="Bold" weight="700" isBold="True" isItalic="False"/>
      <text>Adicione+uma+descri%C3%A7%C3%A3o+da+sua+empresa%3A</text>
      <textSize>14</textSize>
      <textAlign>HaLeft</textAlign>
      <textVAlign>VaTop</textVAlign>
      <textStyles>[fsBold]</textStyles>
      <useDefaultTextSize>False</useDefaultTextSize>
      <selectedIndex>-1</selectedIndex>
      <radius>4</radius>
    </control>
    <control controlID="3C64BAA3-1DC6-4F31-A6E0-45CA2A3E9211" controlTypeID="Shape" x="437" y="139" w="321" h="117" zOrder="3">
      <font family="Segoe+UI" displayName="Segoe+UI" postScript="" weightStyle="Normal" weight="400" isBold="False" isItalic="False"/>
      <text>Amazon.com%2C+Inc.+(nome+fantasia%3A+Amazon%3B+NASDAQ%3A+AMZN)+%C3%A9+uma+empresa+transnacional+de+com%C3%A9rcio+eletr%C3%B4nico+dos+Estados+Unidos%2C+com+sede+em+Seattle%2C+estado+de+Washington.+Foi+uma+das+primeiras+companhias+com+alguma+relev%C3%A2ncia+a+vender+produtos+na+Internet.</text>
      <textSize>14</textSize>
      <textAlign>HaLeft</textAlign>
      <textVAlign>VaTop</textVAlign>
      <useDefaultTextSize>False</useDefaultTextSize>
      <selectedIndex>-1</selectedIndex>
      <radius>4</radius>
    </control>
    <control controlID="24B409D4-1030-4F92-9025-29D42DCA13E1" controlTypeID="TextInput" x="437" y="392" w="291" h="24" zOrder="4">
      <borderVisible>False</borderVisible>
      <font family="Segoe+UI" displayName="Segoe+UI_%26_Bold" postScript="" weightStyle="Bold" weight="700" isBold="True" isItalic="False"/>
      <text>Por+fim%2C+adicione+links+da+sua+empresa%3A</text>
      <lineSpacing>0</lineSpacing>
      <textStyles>[fsBold]</textStyles>
      <selectedIndex>-1</selectedIndex>
    </control>
    <control controlID="24D6EF41-FC52-46D0-961E-78DBBC7B2E14" controlTypeID="Link" x="441" y="416" w="78" h="19" zOrder="5">
      <font family="Segoe+UI" displayName="Segoe+UI" postScript="" weightStyle="Normal" weight="400" isBold="False" isItalic="False"/>
      <text>amazon.com</text>
      <textSize>14</textSize>
      <lineSpacing>0</lineSpacing>
      <selectedIndex>-1</selectedIndex>
    </control>
    <control controlID="35F6C940-9B01-4FAC-898F-B38DA8BD57EC" controlTypeID="Link" x="441" y="440" w="99" h="19" zOrder="6">
      <font family="Segoe+UI" displayName="Segoe+UI" postScript="" weightStyle="Normal" weight="400" isBold="False" isItalic="False"/>
      <text>primevideo.com</text>
      <textSize>14</textSize>
      <lineSpacing>0</lineSpacing>
      <selectedIndex>-1</selectedIndex>
    </control>
    <control controlID="64617A18-44F3-4FFD-999B-FFF883E11031" controlTypeID="Link" x="441" y="464" w="114" h="19" zOrder="7">
      <font family="Segoe+UI" displayName="Segoe+UI" postScript="" weightStyle="Normal" weight="400" isBold="False" isItalic="False"/>
      <text>aboutamazon.com</text>
      <textSize>14</textSize>
      <lineSpacing>0</lineSpacing>
      <selectedIndex>-1</selectedIndex>
    </control>
    <control controlID="37BD9604-7210-4FB2-A488-350F6C6343B5" controlTypeID="Icon" x="576" y="585" w="47" h="47" zOrder="8">
      <color>4278255462</color>
      <ShadowBlur>0</ShadowBlur>
      <links eventType="AtClick" animate="AmNone" animateAutoDelay="0" animateDuration="500">
        <link targetPageID="802A4D7D-A4C1-4311-BAE5-CB9C4CD78DFA" linkType="ltPageLink" isApplyIncludePage="False" title="Home">
          <area shape="0" alt="" ID="{1F1CA733-B61F-4E43-9989-1E34D8D5A76F}" coords="(0,0,47,47)"/>
        </link>
      </links>
      <icon>
        <ID/>
        <iconFontName>jdIonicons</iconFontName>
        <iconCode>61728</iconCode>
      </icon>
      <URL>472D9B715A86634DF2228F2D4118DC54.svg</URL>
    </control>
    <control controlID="52D78F10-5459-444F-B555-0AE7F569D62D" controlTypeID="TextInput" x="437" y="304" w="291" h="24" zOrder="9">
      <borderVisible>False</borderVisible>
      <font family="Segoe+UI" displayName="Segoe+UI_%26_Bold" postScript="" weightStyle="Bold" weight="700" isBold="True" isItalic="False"/>
      <text>Insira+o+CNPJ+ou+EIN%3A</text>
      <lineSpacing>0</lineSpacing>
      <textStyles>[fsBold]</textStyles>
      <selectedIndex>-1</selectedIndex>
    </control>
    <control controlID="A8FC559F-2016-47C8-B3B2-CF4D60E49D0B" controlTypeID="TextInput" x="442" y="330" w="317" h="24" zOrder="10">
      <font family="Segoe+UI" displayName="Segoe+UI" postScript="" weightStyle="Normal" weight="400" isBold="False" isItalic="False"/>
      <text>22.694.514%2F0001-27</text>
      <lineSpacing>0</lineSpacing>
      <radius>4</radius>
    </control>
  </controls>
  <param>
    <backgroundColor>4294967295</backgroundColor>
    <fontSize>14</fontSize>
    <fontFamily>Segoe+UI</fontFamily>
    <guideLines/>
  </param>
</mockup>