﻿<mockup version="5.3" minAllowVersion="5.3" ID="AE1B261A-EF3D-4A3D-A5B5-D9F51A089EC1" platform="MtWeb" defaultW="1200" defaultH="730" measureW="1200" measureH="730" mobileScreenScale="0">
  <controls controlCount="18">
    <control controlID="D09E4F4F-C3BD-4831-B0BA-47EBC686CD5E" controlTypeID="BrowserWindow" x="0" y="0" w="1200" h="730" zOrder="0">
      <color>533515468</color>
      <font family="Segoe+UI" displayName="Segoe+UI_%26_Bold" postScript="" weightStyle="Bold" weight="700" isBold="True" isItalic="False"/>
      <text>Mockplus%0D%0Ahttps%3A%2F%2Fwww.mockplus.com</text>
      <textSize>14</textSize>
      <textVAlign>VaTop</textVAlign>
      <lineSpacing>0</lineSpacing>
      <textStyles>[fsBold]</textStyles>
      <selectedIndex>-1</selectedIndex>
    </control>
    <control controlID="DEEDDFEC-AA99-47CC-B79A-B816E1E603CA" controlTypeID="Panel" x="2" y="73" w="269" h="627" zOrder="1">
      <groupChildrenDescriptors>
        <control controlID="A2A34D52-DF73-44A5-B52C-97B3223230FA" controlTypeID="Border" x="0" y="0" w="269" h="627" zOrder="0">
          <alias>borderLayer</alias>
        </control>
      </groupChildrenDescriptors>
      <thinkness>1</thinkness>
    </control>
    <control controlID="A0611401-1B04-47F6-BC78-1C2D892F3BD5" controlTypeID="Image" x="12" y="83" w="48" h="48" zOrder="2">
      <URL>5C9792CF275AF94FA100139FB8C4D2D6.jpg</URL>
    </control>
    <control controlID="A6C4FEB6-91B2-4AA9-B0F7-B8608AE7C2CC" controlTypeID="LabelTextInput" x="70" y="95" w="87" h="24" zOrder="3">
      <borderVisible>False</borderVisible>
      <font family="Segoe+UI" displayName="Segoe+UI" postScript="" weightStyle="Normal" weight="400" isBold="False" isItalic="False"/>
      <text>Jo%C3%A3o+Silva</text>
      <textSize>14</textSize>
      <lineSpacing>0</lineSpacing>
      <selectedIndex>-1</selectedIndex>
    </control>
    <control controlID="4D1C050A-3E65-4262-A879-C351D7FCFCD5" controlTypeID="List" x="3" y="149" w="267" h="54" zOrder="4">
      <borderVisible>False</borderVisible>
      <links eventType="AtClick" animate="AmNone" animateAutoDelay="0" animateDuration="500">
        <link targetPageID="5F8E3EA6-9F28-4842-BA76-780205D76C3C" linkType="ltPageLink" isApplyIncludePage="False" title="Chat">
          <area shape="0" alt="" ID="{FE32623E-A539-48CD-9BE7-5B48EE548D01}" coords="(0,0,267,25)"/>
        </link>
        <link targetPageID="6B8C7879-4E23-4C0A-A252-868CC52BA8A3" linkType="ltPageLink" isApplyIncludePage="False" title="Home">
          <area shape="0" alt="" ID="{85156CA3-80A2-4FDD-92CF-3357DD834750}" coords="(0,25,267,50)"/>
        </link>
      </links>
      <font family="Segoe+UI" displayName="Segoe+UI" postScript="" weightStyle="Normal" weight="400" isBold="False" isItalic="False"/>
      <text>Chat%0D%0AHome</text>
      <textSize>14</textSize>
      <lineSpacing>0</lineSpacing>
      <selectedIndex>-1</selectedIndex>
      <selectedTextColor>4294967295</selectedTextColor>
    </control>
    <control controlID="50E3D1E9-AB19-4618-9C38-D907CFDB9926" controlTypeID="Panel" x="420" y="83" w="360" h="608" zOrder="5">
      <groupChildrenDescriptors>
        <control controlID="B50833D9-CB06-4553-BFC2-E283116B81C5" controlTypeID="Border" x="0" y="0" w="360" h="608" zOrder="0">
          <alias>borderLayer</alias>
          <thickness>3</thickness>
        </control>
      </groupChildrenDescriptors>
      <thinkness>3</thinkness>
    </control>
    <control controlID="114DBC03-CD7B-462E-AE99-27B5259340A3" controlTypeID="TextInput" x="450" y="107" w="291" h="24" zOrder="6">
      <borderVisible>False</borderVisible>
      <font family="Segoe+UI" displayName="Segoe+UI_%26_Bold" postScript="" weightStyle="Bold" weight="700" isBold="True" isItalic="False"/>
      <text>Sua+descri%C3%A7%C3%A3o%3A</text>
      <lineSpacing>0</lineSpacing>
      <textStyles>[fsBold]</textStyles>
      <selectedIndex>-1</selectedIndex>
    </control>
    <control controlID="C321E9DB-B789-49AC-B149-5DFF22D5ED4D" controlTypeID="TextInput" x="450" y="136" w="291" h="85" zOrder="7">
      <font family="Segoe+UI" displayName="Segoe+UI" postScript="" weightStyle="Normal" weight="400" isBold="False" isItalic="False"/>
      <lineSpacing>0</lineSpacing>
      <selectedIndex>-1</selectedIndex>
      <radius>4</radius>
    </control>
    <control controlID="C9D6C71F-B307-4FC8-AAAF-4D7BD15A32EA" controlTypeID="TextInput" x="450" y="232" w="291" h="24" zOrder="8">
      <borderVisible>False</borderVisible>
      <font family="Segoe+UI" displayName="Segoe+UI_%26_Bold" postScript="" weightStyle="Bold" weight="700" isBold="True" isItalic="False"/>
      <text>Tecnologias+que+voc%C3%AA+domina%3A</text>
      <lineSpacing>0</lineSpacing>
      <textStyles>[fsBold]</textStyles>
      <selectedIndex>-1</selectedIndex>
    </control>
    <control controlID="F1D63B0B-E38F-451D-B0DA-C4780F086451" controlTypeID="List" x="450" y="296" w="291" h="183" zOrder="9">
      <font family="Segoe+UI" displayName="Segoe+UI" postScript="" weightStyle="Normal" weight="400" isBold="False" isItalic="False"/>
      <text>%E2%80%A2+C%0D%0A%E2%80%A2+C%23%0D%0A%E2%80%A2+Django%0D%0A%E2%80%A2+Java%0D%0A%E2%80%A2+Linux%0D%0A%E2%80%A2+PHP%0D%0A%E2%80%A2+Python%0D%0A%E2%80%A2+R%0D%0A%E2%80%A2+SQL%0D%0A%E2%80%A2+Windows</text>
      <textSize>14</textSize>
      <lineSpacing>0</lineSpacing>
    </control>
    <control controlID="5EE3D1FC-F5DE-4259-9289-3F3D85078612" controlTypeID="Search" x="450" y="259" w="291" h="27" zOrder="10">
      <ShadowBlur>0</ShadowBlur>
      <font family="Segoe+UI" displayName="Segoe+UI" postScript="" weightStyle="Normal" weight="400" isBold="False" isItalic="False"/>
      <textSize>14</textSize>
      <textVAlign>VaTop</textVAlign>
      <lineSpacing>0</lineSpacing>
      <selectedIndex>-1</selectedIndex>
    </control>
    <control controlID="0DA18F6B-F624-49B2-806D-E70F986AD5B2" controlTypeID="Icon" x="572" y="630" w="47" h="47" zOrder="11">
      <color>4278255462</color>
      <ShadowBlur>0</ShadowBlur>
      <icon>
        <ID/>
        <iconFontName>jdIonicons</iconFontName>
        <iconCode>61728</iconCode>
      </icon>
      <URL>472D9B715A86634DF2228F2D4118DC54.svg</URL>
    </control>
    <control controlID="D4DE1068-8907-4F25-AA20-DC55E6E43A7B" controlTypeID="TextInput" x="450" y="496" w="291" h="24" zOrder="12">
      <borderVisible>False</borderVisible>
      <font family="Segoe+UI" displayName="Segoe+UI_%26_Bold" postScript="" weightStyle="Bold" weight="700" isBold="True" isItalic="False"/>
      <text>Links+adicionais%3A</text>
      <lineSpacing>0</lineSpacing>
      <textStyles>[fsBold]</textStyles>
      <selectedIndex>-1</selectedIndex>
    </control>
    <control controlID="09591406-7F65-414E-B474-B07CBFF1C0E0" controlTypeID="Link" x="454" y="520" w="128" h="19" zOrder="13">
      <font family="Segoe+UI" displayName="Segoe+UI" postScript="" weightStyle="Normal" weight="400" isBold="False" isItalic="False"/>
      <text>github.com%2Fjoaosilva</text>
      <textSize>14</textSize>
      <lineSpacing>0</lineSpacing>
      <selectedIndex>-1</selectedIndex>
    </control>
    <control controlID="BA7F5CA5-6AA9-484C-ABA3-84FE99C4BB29" controlTypeID="Link" x="454" y="544" w="136" h="19" zOrder="14">
      <font family="Segoe+UI" displayName="Segoe+UI" postScript="" weightStyle="Normal" weight="400" isBold="False" isItalic="False"/>
      <text>linkedin.com%2Fjoaosilva</text>
      <textSize>14</textSize>
      <lineSpacing>0</lineSpacing>
      <selectedIndex>-1</selectedIndex>
    </control>
    <control controlID="40B9FC9F-F362-4671-B196-CE3D86967F29" controlTypeID="Link" x="454" y="568" w="209" h="19" zOrder="15">
      <font family="Segoe+UI" displayName="Segoe+UI" postScript="" weightStyle="Normal" weight="400" isBold="False" isItalic="False"/>
      <text>lattes.cnpq.br%2F1234567890123456</text>
      <textSize>14</textSize>
      <lineSpacing>0</lineSpacing>
      <selectedIndex>-1</selectedIndex>
    </control>
  </controls>
  <param>
    <backgroundColor>4294967295</backgroundColor>
    <fontSize>14</fontSize>
    <fontFamily>Segoe+UI</fontFamily>
    <guideLines/>
  </param>
</mockup>