﻿<mockup version="5.3" minAllowVersion="5.3" ID="B8D90EAB-E024-4C9B-AB9D-5C55410D2598" platform="MtWeb" defaultW="1200" defaultH="730" measureW="1200" measureH="730" mobileScreenScale="0">
  <controls controlCount="19">
    <control controlID="D09E4F4F-C3BD-4831-B0BA-47EBC686CD5E" controlTypeID="BrowserWindow" x="0" y="0" w="1200" h="730" zOrder="0">
      <color>533515468</color>
      <font family="Segoe+UI" displayName="Segoe+UI_%26_Bold" postScript="" weightStyle="Bold" weight="700" isBold="True" isItalic="False"/>
      <text>Mockplus%0D%0Ahttps%3A%2F%2Fwww.mockplus.com</text>
      <textSize>14</textSize>
      <textVAlign>VaTop</textVAlign>
      <lineSpacing>0</lineSpacing>
      <textStyles>[fsBold]</textStyles>
      <selectedIndex>-1</selectedIndex>
    </control>
    <control controlID="60834164-F6FE-4CCB-AF15-92CDBFCD851D" controlTypeID="Panel" x="420" y="83" w="360" h="608" zOrder="1">
      <groupChildrenDescriptors>
        <control controlID="8D56DC4D-04DC-4DE2-88B5-F599E640ACED" controlTypeID="Border" x="0" y="0" w="360" h="608" zOrder="0">
          <alias>borderLayer</alias>
          <thickness>3</thickness>
        </control>
      </groupChildrenDescriptors>
      <thinkness>3</thinkness>
    </control>
    <control controlID="DEEDDFEC-AA99-47CC-B79A-B816E1E603CA" controlTypeID="Panel" x="2" y="73" w="269" h="627" zOrder="2">
      <groupChildrenDescriptors>
        <control controlID="A2A34D52-DF73-44A5-B52C-97B3223230FA" controlTypeID="Border" x="0" y="0" w="269" h="627" zOrder="0">
          <alias>borderLayer</alias>
        </control>
      </groupChildrenDescriptors>
      <thinkness>1</thinkness>
    </control>
    <control controlID="4D1C050A-3E65-4262-A879-C351D7FCFCD5" controlTypeID="List" x="3" y="149" w="267" h="81" zOrder="3">
      <borderVisible>False</borderVisible>
      <links eventType="AtClick" animate="AmNone" animateAutoDelay="0" animateDuration="500">
        <link targetPageID="9FB19A10-6253-4D87-BE62-0C2815675A04" linkType="ltPageLink" isApplyIncludePage="False" title="Chat">
          <area shape="0" alt="" ID="{FE32623E-A539-48CD-9BE7-5B48EE548D01}" coords="(0,0,267,25)"/>
        </link>
        <link targetPageID="F4645122-5605-4749-8DA2-ED5720E1EB8C" linkType="ltPageLink" isApplyIncludePage="False" title="Home">
          <area shape="0" alt="" ID="{85156CA3-80A2-4FDD-92CF-3357DD834750}" coords="(0,25,267,50)"/>
        </link>
        <link targetPageID="F65F260C-B2BE-4BAA-8341-05F29EADC4CC" linkType="ltPageLink" isApplyIncludePage="False" title="Vagas">
          <area shape="0" alt="" ID="{A069B520-055D-4542-B11E-7AAF767272D1}" coords="(0,50,267,75)"/>
        </link>
      </links>
      <font family="Segoe+UI" displayName="Segoe+UI" postScript="" weightStyle="Normal" weight="400" isBold="False" isItalic="False"/>
      <text>Chat%0D%0AHome%0D%0AVagas</text>
      <textSize>14</textSize>
      <lineSpacing>0</lineSpacing>
      <selectedIndex>-1</selectedIndex>
      <selectedTextColor>4294967295</selectedTextColor>
    </control>
    <control controlID="ED07A994-4794-4C58-A340-9112040D9C20" controlTypeID="LabelTextInput" x="70" y="95" w="87" h="24" zOrder="4">
      <borderVisible>False</borderVisible>
      <font family="Segoe+UI" displayName="Segoe+UI" postScript="" weightStyle="Normal" weight="400" isBold="False" isItalic="False"/>
      <text>Amazon</text>
      <textSize>14</textSize>
      <lineSpacing>0</lineSpacing>
      <selectedIndex>-1</selectedIndex>
    </control>
    <control controlID="E19852CA-8F9B-4EF9-B631-44A48AAF4BE0" controlTypeID="Image" x="12" y="83" w="48" h="48" zOrder="5">
      <ShadowBlur>0</ShadowBlur>
      <URL>B4F06C99320C50281A8B192F501CDD31.png</URL>
    </control>
    <control controlID="1D48A47F-3206-46C9-85DC-27C792FD6F3A" controlTypeID="ImageCarousel" x="423" y="86" w="354" h="280" zOrder="6">
      <sizeLocked>True</sizeLocked>
      <ShadowBlur>0</ShadowBlur>
      <groupChildrenDescriptors>
        <control controlID="A5439581-FD9F-4886-80F0-FB266B12BD47" controlTypeID="ImageBackground" x="0" y="0" w="354" h="280" zOrder="0">
          <caption>amazon_logo</caption>
          <groupChildrenDescriptors/>
          <URL>B4F06C99320C50281A8B192F501CDD31.png</URL>
        </control>
        <control controlID="8A090375-F7FA-4E03-A539-4E6B34692A8F" controlTypeID="ImageBackground" x="0" y="0" w="354" h="280" zOrder="1">
          <caption>interior-view</caption>
          <groupChildrenDescriptors/>
          <URL>BC76A6E830B4FFBB81136DD68E713D70.png</URL>
        </control>
      </groupChildrenDescriptors>
      <selectedIndex>1</selectedIndex>
      <aniType>spaSlide</aniType>
    </control>
    <control controlID="12DB17EB-BD9D-4953-B07E-CB8A461C1EDF" controlTypeID="TextInput" x="430" y="375" w="291" h="24" zOrder="7">
      <borderVisible>False</borderVisible>
      <font family="Segoe+UI" displayName="Segoe+UI_%26_Bold" postScript="" weightStyle="Bold" weight="700" isBold="True" isItalic="False"/>
      <text>Descri%C3%A7%C3%A3o+da+empresa%3A</text>
      <lineSpacing>0</lineSpacing>
      <textStyles>[fsBold]</textStyles>
      <selectedIndex>-1</selectedIndex>
    </control>
    <control controlID="C4632F98-CF99-442D-818A-1939BBEF54B3" controlTypeID="Shape" x="437" y="399" w="321" h="117" zOrder="8">
      <font family="Segoe+UI" displayName="Segoe+UI" postScript="" weightStyle="Normal" weight="400" isBold="False" isItalic="False"/>
      <text>Amazon.com%2C+Inc.+(nome+fantasia%3A+Amazon%3B+NASDAQ%3A+AMZN)+%C3%A9+uma+empresa+transnacional+de+com%C3%A9rcio+eletr%C3%B4nico+dos+Estados+Unidos%2C+com+sede+em+Seattle%2C+estado+de+Washington.+Foi+uma+das+primeiras+companhias+com+alguma+relev%C3%A2ncia+a+vender+produtos+na+Internet.</text>
      <textSize>14</textSize>
      <textAlign>HaLeft</textAlign>
      <textVAlign>VaTop</textVAlign>
      <useDefaultTextSize>False</useDefaultTextSize>
      <selectedIndex>-1</selectedIndex>
      <radius>4</radius>
    </control>
    <control controlID="BC2BFD3A-43F8-4C8B-8440-9E1E882BD860" controlTypeID="TextInput" x="430" y="582" w="291" h="24" zOrder="9">
      <borderVisible>False</borderVisible>
      <font family="Segoe+UI" displayName="Segoe+UI_%26_Bold" postScript="" weightStyle="Bold" weight="700" isBold="True" isItalic="False"/>
      <text>Links+adicionais%3A</text>
      <lineSpacing>0</lineSpacing>
      <textStyles>[fsBold]</textStyles>
      <selectedIndex>-1</selectedIndex>
    </control>
    <control controlID="0CED268D-1CDB-4EF6-BDE2-4FD2E37604C4" controlTypeID="Link" x="437" y="606" w="78" h="19" zOrder="10">
      <font family="Segoe+UI" displayName="Segoe+UI" postScript="" weightStyle="Normal" weight="400" isBold="False" isItalic="False"/>
      <text>amazon.com</text>
      <textSize>14</textSize>
      <lineSpacing>0</lineSpacing>
      <selectedIndex>-1</selectedIndex>
    </control>
    <control controlID="0DBCA047-4D93-4CB8-922D-9F12096C2507" controlTypeID="Link" x="437" y="630" w="99" h="19" zOrder="11">
      <font family="Segoe+UI" displayName="Segoe+UI" postScript="" weightStyle="Normal" weight="400" isBold="False" isItalic="False"/>
      <text>primevideo.com</text>
      <textSize>14</textSize>
      <lineSpacing>0</lineSpacing>
      <selectedIndex>-1</selectedIndex>
    </control>
    <control controlID="1DB32846-5974-49BD-B738-68659A2574C8" controlTypeID="Link" x="437" y="654" w="114" h="19" zOrder="12">
      <font family="Segoe+UI" displayName="Segoe+UI" postScript="" weightStyle="Normal" weight="400" isBold="False" isItalic="False"/>
      <text>aboutamazon.com</text>
      <textSize>14</textSize>
      <lineSpacing>0</lineSpacing>
      <selectedIndex>-1</selectedIndex>
    </control>
    <control controlID="58253DFA-8C5D-4A12-A0DF-17D229C32591" controlTypeID="TextInput" x="430" y="525" w="291" h="24" zOrder="13">
      <borderVisible>False</borderVisible>
      <font family="Segoe+UI" displayName="Segoe+UI_%26_Bold" postScript="" weightStyle="Bold" weight="700" isBold="True" isItalic="False"/>
      <text>CNPJ+ou+EIN%3A</text>
      <lineSpacing>0</lineSpacing>
      <textStyles>[fsBold]</textStyles>
      <selectedIndex>-1</selectedIndex>
    </control>
    <control controlID="321BCB86-E7BC-4309-845F-3848AD429720" controlTypeID="TextInput" x="435" y="551" w="317" h="24" zOrder="14">
      <font family="Segoe+UI" displayName="Segoe+UI" postScript="" weightStyle="Normal" weight="400" isBold="False" isItalic="False"/>
      <text>22.694.514%2F0001-27</text>
      <lineSpacing>0</lineSpacing>
      <selectedIndex>-1</selectedIndex>
      <radius>4</radius>
    </control>
  </controls>
  <param>
    <backgroundColor>4294967295</backgroundColor>
    <fontSize>14</fontSize>
    <fontFamily>Segoe+UI</fontFamily>
    <guideLines/>
  </param>
</mockup>