﻿<mockup version="5.3" minAllowVersion="5.3" ID="E872643A-1E0A-48AE-B4AD-A882C42431D9" platform="MtWeb" defaultW="1200" defaultH="730" measureW="1200" measureH="730" mobileScreenScale="0">
  <controls controlCount="10">
    <control controlID="D09E4F4F-C3BD-4831-B0BA-47EBC686CD5E" controlTypeID="BrowserWindow" x="0" y="0" w="1200" h="730" zOrder="0">
      <color>533515468</color>
      <font family="Segoe+UI" displayName="Segoe+UI_%26_Bold" postScript="" weightStyle="Bold" weight="700" isBold="True" isItalic="False"/>
      <text>Mockplus%0D%0Ahttps%3A%2F%2Fwww.mockplus.com</text>
      <textSize>14</textSize>
      <textVAlign>VaTop</textVAlign>
      <lineSpacing>0</lineSpacing>
      <textStyles>[fsBold]</textStyles>
      <selectedIndex>-1</selectedIndex>
    </control>
    <control controlID="60834164-F6FE-4CCB-AF15-92CDBFCD851D" controlTypeID="Panel" x="420" y="83" w="360" h="608" zOrder="1">
      <groupChildrenDescriptors>
        <control controlID="8D56DC4D-04DC-4DE2-88B5-F599E640ACED" controlTypeID="Border" x="0" y="0" w="360" h="608" zOrder="0">
          <alias>borderLayer</alias>
          <thickness>3</thickness>
        </control>
      </groupChildrenDescriptors>
      <thinkness>3</thinkness>
    </control>
    <control controlID="0E62C278-1E6B-48FE-949E-1FD4826F2B2F" controlTypeID="ImageCarousel" x="423" y="193" w="354" h="280" zOrder="2">
      <sizeLocked>True</sizeLocked>
      <ShadowBlur>0</ShadowBlur>
      <groupChildrenDescriptors>
        <control controlID="F48D5147-B6EA-4837-BFA9-F0AF754F9ECA" controlTypeID="ImageBackground" x="0" y="0" w="354" h="280" zOrder="0">
          <caption>1</caption>
          <groupChildrenDescriptors/>
          <URL>F1DC86A4D7B8A1E8943C455E0C414D27.png</URL>
        </control>
        <control controlID="972B0BD7-B461-489F-AAD5-2F160CFA45A8" controlTypeID="ImageBackground" x="0" y="0" w="354" h="280" zOrder="1">
          <caption>2</caption>
          <groupChildrenDescriptors/>
          <URL>93F23547BA7433F672E75223DB1F9924.png</URL>
        </control>
      </groupChildrenDescriptors>
      <aniType>spaSlide</aniType>
    </control>
    <control controlID="3CFB3A39-E93F-4E30-8F2B-4ADD7070EA15" controlTypeID="TextInput" x="514" y="506" w="172" h="24" zOrder="3">
      <color>4283069163</color>
      <borderVisible>False</borderVisible>
      <links eventType="AtClick" animate="AmNone" animateAutoDelay="0" animateDuration="500">
        <link targetPageID="F4208BD3-690D-4FD0-A68C-C606D9AEDA85" linkType="ltPageLink" isApplyIncludePage="False" title="Perfil">
          <area shape="0" alt="" ID="{079AA1DF-2DD0-4A8D-A890-D8898CC56101}" coords="(0,0,172,24)"/>
        </link>
      </links>
      <font family="Segoe+UI" displayName="Segoe+UI_%26_Bold" postScript="" weightStyle="Bold" weight="700" isBold="True" isItalic="False"/>
      <text>Login+com+Facebook</text>
      <textColor>4294967295</textColor>
      <lineSpacing>0</lineSpacing>
      <textStyles>[fsBold]</textStyles>
      <selectedIndex>-1</selectedIndex>
      <radius>12</radius>
    </control>
    <control controlID="DD5DD9E1-1EC1-4D62-A5AF-9CF5A9863F1F" controlTypeID="TextInput" x="525" y="543" w="150" h="24" zOrder="4">
      <borderColor>4284597726</borderColor>
      <font family="Segoe+UI" displayName="Segoe+UI_%26_Bold" postScript="" weightStyle="Bold" weight="700" isBold="True" isItalic="False"/>
      <text>Login+com+e-mail</text>
      <textColor>4284597726</textColor>
      <lineSpacing>0</lineSpacing>
      <textStyles>[fsBold]</textStyles>
      <selectedIndex>-1</selectedIndex>
      <radius>12</radius>
    </control>
    <control controlID="92E203F9-4674-4422-9DED-06AE21EF0432" controlTypeID="TextInput" x="513" y="628" w="173" h="24" zOrder="5">
      <borderColor>4287927444</borderColor>
      <links eventType="AtClick" animate="AmNone" animateAutoDelay="0" animateDuration="500">
        <link targetPageID="14A4FE36-1199-4A89-A2E5-2038D96C4270" linkType="ltPageLink" isApplyIncludePage="False" title="Perfil+inicial">
          <area shape="0" alt="" ID="{CA70B70E-69B8-432A-AA9C-B21443E51DCE}" coords="(0,0,173,24)"/>
        </link>
      </links>
      <font family="Segoe+UI" displayName="Segoe+UI_%26_Bold" postScript="" weightStyle="Bold" weight="700" isBold="True" isItalic="False"/>
      <text>Login+para+empresas</text>
      <textColor>4287927444</textColor>
      <lineSpacing>0</lineSpacing>
      <textStyles>[fsBold]</textStyles>
      <selectedIndex>-1</selectedIndex>
      <radius>12</radius>
    </control>
    <control controlID="C39B33D6-49CC-4B75-BA3E-2A2E79F8F9D5" controlTypeID="HRule" x="423" y="588" w="354" h="12" zOrder="6"/>
  </controls>
  <param>
    <backgroundColor>4294967295</backgroundColor>
    <fontSize>14</fontSize>
    <fontFamily>Segoe+UI</fontFamily>
    <guideLines/>
  </param>
</mockup>