﻿<mockup version="5.3" minAllowVersion="5.3" ID="F4208BD3-690D-4FD0-A68C-C606D9AEDA85" platform="MtWeb" defaultW="1200" defaultH="730" measureW="1200" measureH="730" mobileScreenScale="0">
  <controls controlCount="17">
    <control controlID="D09E4F4F-C3BD-4831-B0BA-47EBC686CD5E" controlTypeID="BrowserWindow" x="0" y="0" w="1200" h="730" zOrder="0">
      <color>533515468</color>
      <font family="Segoe+UI" displayName="Segoe+UI_%26_Bold" postScript="" weightStyle="Bold" weight="700" isBold="True" isItalic="False"/>
      <text>Mockplus%0D%0Ahttps%3A%2F%2Fwww.mockplus.com</text>
      <textSize>14</textSize>
      <textVAlign>VaTop</textVAlign>
      <lineSpacing>0</lineSpacing>
      <textStyles>[fsBold]</textStyles>
      <selectedIndex>-1</selectedIndex>
    </control>
    <control controlID="DEEDDFEC-AA99-47CC-B79A-B816E1E603CA" controlTypeID="Panel" x="2" y="73" w="269" h="627" zOrder="1">
      <groupChildrenDescriptors>
        <control controlID="A2A34D52-DF73-44A5-B52C-97B3223230FA" controlTypeID="Border" x="0" y="0" w="269" h="627" zOrder="0">
          <alias>borderLayer</alias>
        </control>
      </groupChildrenDescriptors>
      <thinkness>1</thinkness>
    </control>
    <control controlID="A0611401-1B04-47F6-BC78-1C2D892F3BD5" controlTypeID="Image" x="12" y="83" w="48" h="48" zOrder="2">
      <URL>5C9792CF275AF94FA100139FB8C4D2D6.jpg</URL>
    </control>
    <control controlID="A6C4FEB6-91B2-4AA9-B0F7-B8608AE7C2CC" controlTypeID="LabelTextInput" x="70" y="95" w="87" h="24" zOrder="3">
      <borderVisible>False</borderVisible>
      <font family="Segoe+UI" displayName="Segoe+UI" postScript="" weightStyle="Normal" weight="400" isBold="False" isItalic="False"/>
      <text>Jo%C3%A3o+Silva</text>
      <textSize>14</textSize>
      <lineSpacing>0</lineSpacing>
      <selectedIndex>-1</selectedIndex>
    </control>
    <control controlID="8C2ADA1A-0CAE-4433-90C0-DC787AC860B9" controlTypeID="Panel" x="420" y="83" w="360" h="608" zOrder="4">
      <groupChildrenDescriptors>
        <control controlID="7262E728-D4F0-4E84-BAC9-AB133A546388" controlTypeID="Border" x="0" y="0" w="360" h="608" zOrder="0">
          <alias>borderLayer</alias>
          <thickness>3</thickness>
        </control>
      </groupChildrenDescriptors>
      <thinkness>3</thinkness>
    </control>
    <control controlID="D98EFBE9-429C-4B23-8B24-E19B52E04B0B" controlTypeID="TextInput" x="450" y="107" w="291" h="24" zOrder="5">
      <borderVisible>False</borderVisible>
      <font family="Segoe+UI" displayName="Segoe+UI_%26_Bold" postScript="" weightStyle="Bold" weight="700" isBold="True" isItalic="False"/>
      <text>Adicione+uma+descri%C3%A7%C3%A3o+sobre+voc%C3%AA%3A</text>
      <lineSpacing>0</lineSpacing>
      <textStyles>[fsBold]</textStyles>
      <selectedIndex>-1</selectedIndex>
    </control>
    <control controlID="63F742ED-AC65-41E7-A569-C513522C6FA8" controlTypeID="TextInput" x="450" y="136" w="291" h="85" zOrder="6">
      <font family="Segoe+UI" displayName="Segoe+UI" postScript="" weightStyle="Normal" weight="400" isBold="False" isItalic="False"/>
      <lineSpacing>0</lineSpacing>
      <selectedIndex>-1</selectedIndex>
      <radius>4</radius>
    </control>
    <control controlID="9824EBCA-7DD2-4E63-95EA-986AD186DD5A" controlTypeID="TextInput" x="450" y="232" w="291" h="24" zOrder="7">
      <borderVisible>False</borderVisible>
      <font family="Segoe+UI" displayName="Segoe+UI_%26_Bold" postScript="" weightStyle="Bold" weight="700" isBold="True" isItalic="False"/>
      <text>Insira+as+tecnologias+que+voc%C3%AA+domina%3A</text>
      <lineSpacing>0</lineSpacing>
      <textStyles>[fsBold]</textStyles>
      <selectedIndex>-1</selectedIndex>
    </control>
    <control controlID="0F62B6D5-82CE-4489-9B62-ABC753C8EE97" controlTypeID="List" x="450" y="296" w="291" h="183" zOrder="8">
      <font family="Segoe+UI" displayName="Segoe+UI" postScript="" weightStyle="Normal" weight="400" isBold="False" isItalic="False"/>
      <text>%E2%80%A2+PHP+%0D%0A%E2%80%A2+Java%0D%0A%E2%80%A2+JavaScript%0D%0A%E2%80%A2+Linux%0D%0A%E2%80%A2+Python%0D%0A%E2%80%A2+Windows%0D%0A%E2%80%A2+Django%0D%0A%E2%80%A2+SQL</text>
      <textSize>14</textSize>
      <lineSpacing>0</lineSpacing>
    </control>
    <control controlID="E351B66C-78BB-43B4-9891-82BDC948ED4D" controlTypeID="Search" x="450" y="259" w="291" h="27" zOrder="9">
      <ShadowBlur>0</ShadowBlur>
      <font family="Segoe+UI" displayName="Segoe+UI" postScript="" weightStyle="Normal" weight="400" isBold="False" isItalic="False"/>
      <text>PHP</text>
      <textSize>14</textSize>
      <textVAlign>VaTop</textVAlign>
      <lineSpacing>0</lineSpacing>
      <selectedIndex>-1</selectedIndex>
    </control>
    <control controlID="FEB402D7-6793-4C29-AA32-EB9780A3AF08" controlTypeID="Icon" x="572" y="630" w="47" h="47" zOrder="10">
      <color>4278255462</color>
      <ShadowBlur>0</ShadowBlur>
      <links eventType="AtClick" animate="AmNone" animateAutoDelay="0" animateDuration="500">
        <link targetPageID="201D5114-A457-4C41-BDB4-FB0C5F539CFC" linkType="ltPageLink" isApplyIncludePage="False" title="Home+IBM+2">
          <area shape="0" alt="" ID="{70A832C7-6592-48B6-8DED-850BE10D308E}" coords="(0,0,47,47)"/>
        </link>
      </links>
      <icon>
        <ID/>
        <iconFontName>jdIonicons</iconFontName>
        <iconCode>61728</iconCode>
      </icon>
      <URL>472D9B715A86634DF2228F2D4118DC54.svg</URL>
    </control>
    <control controlID="79175836-6A22-4230-B8F0-CEA47D0AEC49" controlTypeID="TextInput" x="450" y="496" w="291" h="24" zOrder="11">
      <borderVisible>False</borderVisible>
      <font family="Segoe+UI" displayName="Segoe+UI_%26_Bold" postScript="" weightStyle="Bold" weight="700" isBold="True" isItalic="False"/>
      <text>Insira+links+adicionais+se+quiser%3A</text>
      <lineSpacing>0</lineSpacing>
      <textStyles>[fsBold]</textStyles>
      <selectedIndex>-1</selectedIndex>
    </control>
    <control controlID="A7089138-EF4F-431E-8747-5C952640E9A6" controlTypeID="Link" x="454" y="520" w="128" h="19" zOrder="12">
      <font family="Segoe+UI" displayName="Segoe+UI" postScript="" weightStyle="Normal" weight="400" isBold="False" isItalic="False"/>
      <text>github.com%2Fjoaosilva</text>
      <textSize>14</textSize>
      <lineSpacing>0</lineSpacing>
      <selectedIndex>-1</selectedIndex>
    </control>
    <control controlID="EFD6ECE6-599F-4132-A9ED-2DB3AA539514" controlTypeID="Link" x="454" y="544" w="136" h="19" zOrder="13">
      <font family="Segoe+UI" displayName="Segoe+UI" postScript="" weightStyle="Normal" weight="400" isBold="False" isItalic="False"/>
      <text>linkedin.com%2Fjoaosilva</text>
      <textSize>14</textSize>
      <lineSpacing>0</lineSpacing>
      <selectedIndex>-1</selectedIndex>
    </control>
    <control controlID="12DE134B-4F5B-455C-B956-D2CDA1D19236" controlTypeID="Link" x="454" y="568" w="209" h="19" zOrder="14">
      <font family="Segoe+UI" displayName="Segoe+UI" postScript="" weightStyle="Normal" weight="400" isBold="False" isItalic="False"/>
      <text>lattes.cnpq.br%2F1234567890123456</text>
      <textSize>14</textSize>
      <lineSpacing>0</lineSpacing>
      <selectedIndex>-1</selectedIndex>
    </control>
  </controls>
  <param>
    <backgroundColor>4294967295</backgroundColor>
    <fontSize>14</fontSize>
    <fontFamily>Segoe+UI</fontFamily>
    <guideLines/>
  </param>
</mockup>