﻿<mockup version="5.3" minAllowVersion="5.3" ID="256E32C2-5A25-4266-839F-BA23E49C0749" platform="MtWeb" defaultW="1200" defaultH="730" measureW="1200" measureH="730" mobileScreenScale="0">
  <controls controlCount="22">
    <control controlID="D09E4F4F-C3BD-4831-B0BA-47EBC686CD5E" controlTypeID="BrowserWindow" x="0" y="0" w="1200" h="730" zOrder="0">
      <color>533515468</color>
      <font family="Segoe+UI" displayName="Segoe+UI_%26_Bold" postScript="" weightStyle="Bold" weight="700" isBold="True" isItalic="False"/>
      <text>Mockplus%0D%0Ahttps%3A%2F%2Fwww.mockplus.com</text>
      <textSize>14</textSize>
      <textVAlign>VaTop</textVAlign>
      <lineSpacing>0</lineSpacing>
      <textStyles>[fsBold]</textStyles>
      <selectedIndex>-1</selectedIndex>
    </control>
    <control controlID="60834164-F6FE-4CCB-AF15-92CDBFCD851D" controlTypeID="Panel" x="420" y="83" w="360" h="608" zOrder="1">
      <groupChildrenDescriptors>
        <control controlID="8D56DC4D-04DC-4DE2-88B5-F599E640ACED" controlTypeID="Border" x="0" y="0" w="360" h="608" zOrder="0">
          <alias>borderLayer</alias>
          <thickness>3</thickness>
        </control>
      </groupChildrenDescriptors>
      <thinkness>3</thinkness>
    </control>
    <control controlID="E3D2564C-63BC-4814-A58F-1DC96B951A81" controlTypeID="ImageCarousel" x="423" y="86" w="354" h="280" zOrder="2">
      <sizeLocked>True</sizeLocked>
      <groupChildrenDescriptors>
        <control controlID="84231A6A-1EE1-4C63-8064-27DC78D75D0A" controlTypeID="ImageBackground" x="0" y="0" w="354" h="280" zOrder="0">
          <caption>avatar+fett</caption>
          <groupChildrenDescriptors/>
          <URL>F3CFB98306963F58B4E33AF5F62CA85D.png</URL>
        </control>
      </groupChildrenDescriptors>
      <aniType>spaSlide</aniType>
    </control>
    <control controlID="DEEDDFEC-AA99-47CC-B79A-B816E1E603CA" controlTypeID="Panel" x="2" y="73" w="269" h="627" zOrder="3">
      <groupChildrenDescriptors>
        <control controlID="A2A34D52-DF73-44A5-B52C-97B3223230FA" controlTypeID="Border" x="0" y="0" w="269" h="627" zOrder="0">
          <alias>borderLayer</alias>
        </control>
      </groupChildrenDescriptors>
      <thinkness>1</thinkness>
    </control>
    <control controlID="E84C9586-576B-42B1-9294-9CBB1E18C817" controlTypeID="Icon" x="707" y="626" w="47" h="47" zOrder="4">
      <color>4278255462</color>
      <icon>
        <ID/>
        <iconFontName>jdIonicons</iconFontName>
        <iconCode>61728</iconCode>
      </icon>
      <URL>472D9B715A86634DF2228F2D4118DC54.svg</URL>
    </control>
    <control controlID="B513158D-3C8B-4B0B-B8B2-189944025A99" controlTypeID="Icon" x="446" y="626" w="47" h="47" zOrder="5">
      <color>4294901760</color>
      <icon>
        <ID/>
        <iconFontName>jdIonicons</iconFontName>
        <iconCode>61736</iconCode>
      </icon>
      <URL>76E3C884423CE3DD4C9E06A9BA836020.svg</URL>
    </control>
    <control controlID="3868DA37-E9CD-4F3E-9F89-789210C5F871" controlTypeID="CircleProgressBar" x="570" y="613" w="60" h="60" zOrder="6">
      <font family="Segoe+UI" displayName="Segoe+UI" postScript="" weightStyle="Normal" weight="400" isBold="False" isItalic="False"/>
      <text>Circular+Progress+Bar</text>
      <textSize>14</textSize>
      <lineSpacing>0</lineSpacing>
      <selectedIndex>-1</selectedIndex>
      <value>68</value>
    </control>
    <control controlID="64384A95-BCB5-4A60-B5C2-2D86BCBA071C" controlTypeID="LabelTextInput" x="434" y="369" w="342" h="37" zOrder="7">
      <borderColor>4278190080</borderColor>
      <borderVisible>False</borderVisible>
      <opacity>0.600000023841858</opacity>
      <font family="Segoe+UI" displayName="Segoe+UI" postScript="" weightStyle="Normal" weight="400" isBold="False" isItalic="False" useDefaultFontFamily="False"/>
      <text>PEDRO+SANTOS%2C++++++++++++++++++22</text>
      <textSize>24</textSize>
      <lineSpacing>0</lineSpacing>
      <useDefaultTextSize>False</useDefaultTextSize>
      <selectedIndex>-1</selectedIndex>
      <radius>10</radius>
    </control>
    <control controlID="27177478-C984-43EF-874F-38D39FDFCF78" controlTypeID="LabelTextInput" x="438" y="421" w="280" h="24" zOrder="8">
      <borderVisible>False</borderVisible>
      <font family="Segoe+UI" displayName="Segoe+UI" postScript="" weightStyle="Normal" weight="400" isBold="False" isItalic="False"/>
      <text>Habilidades%3A</text>
      <textSize>14</textSize>
      <lineSpacing>0</lineSpacing>
      <selectedIndex>-1</selectedIndex>
    </control>
    <control controlID="2CD41CEF-C128-47F3-BDDE-AF2833C0DCFF" controlTypeID="Line" x="423" y="406" w="354" h="1" zOrder="9">
      <font family="Segoe+UI" displayName="Segoe+UI" postScript="" weightStyle="Normal" weight="400" isBold="False" isItalic="False"/>
      <textSize>14</textSize>
      <lineSpacing>0</lineSpacing>
      <selectedIndex>-1</selectedIndex>
      <controlPoint>(177,0)</controlPoint>
      <startPoint>(0,0)</startPoint>
      <endPoint>(354,0)</endPoint>
    </control>
    <control controlID="BBBCFD3C-9634-42A6-858A-99AFC5E5CE69" controlTypeID="Line" x="723" y="368" w="1" h="38" zOrder="10">
      <font family="Segoe+UI" displayName="Segoe+UI" postScript="" weightStyle="Normal" weight="400" isBold="False" isItalic="False"/>
      <textSize>14</textSize>
      <lineSpacing>0</lineSpacing>
      <selectedIndex>-1</selectedIndex>
      <controlPoint>(0,19)</controlPoint>
      <startPoint>(0,0)</startPoint>
      <endPoint>(0,38)</endPoint>
    </control>
    <control controlID="6F6E6C8B-64C4-4ADC-AAF2-1775D6C670E0" controlTypeID="Line" x="420" y="368" w="356" h="1" zOrder="11">
      <font family="Segoe+UI" displayName="Segoe+UI" postScript="" weightStyle="Normal" weight="400" isBold="False" isItalic="False"/>
      <textSize>14</textSize>
      <lineSpacing>0</lineSpacing>
      <selectedIndex>-1</selectedIndex>
      <controlPoint>(178,0)</controlPoint>
      <startPoint>(0,0)</startPoint>
      <endPoint>(356,0)</endPoint>
    </control>
    <control controlID="BB93632B-0FCF-4475-8987-F7A9B43D1F4B" controlTypeID="TextArea" x="458" y="445" w="288" h="158" zOrder="12">
      <font family="Segoe+UI" displayName="Segoe+UI" postScript="" weightStyle="Normal" weight="400" isBold="False" isItalic="False"/>
      <text>%E2%80%A2+C%0D%0A%E2%80%A2+Delphi%0D%0A%E2%80%A2+Fortran%0D%0A%E2%80%A2+Java%0D%0A%E2%80%A2+JavaScript%0D%0A%E2%80%A2+Linux%0D%0A%E2%80%A2+PHP%0D%0A%E2%80%A2+Python%0D%0A%E2%80%A2+Windows</text>
      <selectedIndex>-1</selectedIndex>
    </control>
    <control controlID="4D1C050A-3E65-4262-A879-C351D7FCFCD5" controlTypeID="List" x="3" y="149" w="267" h="81" zOrder="13">
      <borderVisible>False</borderVisible>
      <links eventType="AtClick" animate="AmNone" animateAutoDelay="0" animateDuration="500">
        <link targetPageID="9FB19A10-6253-4D87-BE62-0C2815675A04" linkType="ltPageLink" isApplyIncludePage="False" title="Chat">
          <area shape="0" alt="" ID="{6FC5D26A-CBC4-4708-88DF-E3B39F0DFBAB}" coords="(0,0,267,25)"/>
        </link>
        <link targetPageID="B8D90EAB-E024-4C9B-AB9D-5C55410D2598" linkType="ltPageLink" isApplyIncludePage="False" title="Perfil">
          <area shape="0" alt="" ID="{D671D94F-E8DA-458D-AFFE-179552E2CE34}" coords="(0,25,267,50)"/>
        </link>
        <link targetPageID="F65F260C-B2BE-4BAA-8341-05F29EADC4CC" linkType="ltPageLink" isApplyIncludePage="False" title="Vagas">
          <area shape="0" alt="" ID="{CA0B20D1-76AF-43E3-A0BD-EA62BFCB3A3F}" coords="(0,50,267,75)"/>
        </link>
      </links>
      <font family="Segoe+UI" displayName="Segoe+UI" postScript="" weightStyle="Normal" weight="400" isBold="False" isItalic="False"/>
      <text>Chat%0D%0APerfil%0D%0AVagas</text>
      <textSize>14</textSize>
      <lineSpacing>0</lineSpacing>
      <selectedIndex>-1</selectedIndex>
      <selectedTextColor>4294967295</selectedTextColor>
    </control>
    <control controlID="FF770EB3-BF7D-4BD0-BBEF-670E9218748D" controlTypeID="TextInput" x="853" y="161" w="239" h="33" zOrder="14">
      <color>4294572537</color>
      <borderColor>4278190080</borderColor>
      <interactiveData>
        <entry title="">
          <area shape="0" alt="" ID="{D1D7A13F-6971-43C3-A284-20A8AF5FDD2E}" coords="(0,0,239,33)"/>
          <events title="">
            <event eventType="atClick" isChecked="True">
              <behaviour title="" isChecked="True" isWait="False" isLoop="False" execMode="emParallel">
                <target targetID="DAFBE6EA-9BB1-43A8-82DA-F2DFA1707A63" isChecked="True" isAutoRecovery="False" isLoop="False" execMode="emSequence">
                  <command name="Change Visibility" isChecked="True" descrition="">
                    <param name="AniInterpolation" value="1" varType="3" description=""/>
                    <param name="AniDuration" value="200" varType="3" description=""/>
                    <param name="AniAutoReverse" value="False" varType="11" description=""/>
                    <param name="AniLoop" value="False" varType="11" description=""/>
                    <param name="AniInterpolationTypeOut" value="False" varType="11" description=""/>
                    <param name="Delay" value="0" varType="3" description=""/>
                    <param name="ValueFromCurrent" value="True" varType="11" description=""/>
                    <param name="ForceFromInitValue" value="False" varType="11" description=""/>
                    <param name="ForceSetVisible" value="False" varType="11" description=""/>
                    <param name="Value" value="2" varType="3" description=""/>
                    <param name="TerminateLoopByClick" value="True" varType="11" description=""/>
                  </command>
                </target>
              </behaviour>
            </event>
          </events>
        </entry>
      </interactiveData>
      <font family="Segoe+UI" displayName="Segoe+UI" postScript="" weightStyle="Normal" weight="400" isBold="False" isItalic="False"/>
      <text>Vaga+-+Cientista+de+dados</text>
      <textSize>18</textSize>
      <lineSpacing>0</lineSpacing>
      <useDefaultTextSize>False</useDefaultTextSize>
      <selectedIndex>-1</selectedIndex>
      <radius>12</radius>
    </control>
    <control controlID="40E95C3C-411B-45D6-8809-09E3766BB491" controlTypeID="LabelTextInput" x="905" y="212" w="134" h="28" zOrder="15">
      <color>16777215</color>
      <borderVisible>False</borderVisible>
      <font family="Segoe+UI" displayName="Segoe+UI" postScript="" weightStyle="Normal" weight="400" isBold="False" isItalic="False"/>
      <text>Candidato%2C+2%2F9</text>
      <textSize>18</textSize>
      <lineSpacing>0</lineSpacing>
      <useDefaultTextSize>False</useDefaultTextSize>
      <selectedIndex>-1</selectedIndex>
    </control>
    <control controlID="85BE716A-AAFF-4A31-8979-D7408611DF67" controlTypeID="LabelTextInput" x="70" y="95" w="87" h="24" zOrder="16">
      <borderVisible>False</borderVisible>
      <font family="Segoe+UI" displayName="Segoe+UI" postScript="" weightStyle="Normal" weight="400" isBold="False" isItalic="False"/>
      <text>Amazon</text>
      <textSize>14</textSize>
      <lineSpacing>0</lineSpacing>
      <selectedIndex>-1</selectedIndex>
    </control>
    <control controlID="C55160E1-FDFC-4345-A456-BEB8C9277E7B" controlTypeID="Image" x="12" y="83" w="48" h="48" zOrder="17">
      <ShadowBlur>0</ShadowBlur>
      <URL>B4F06C99320C50281A8B192F501CDD31.png</URL>
    </control>
    <control controlID="DAFBE6EA-9BB1-43A8-82DA-F2DFA1707A63" controlTypeID="List" x="853" y="204" w="239" h="255" zOrder="18">
      <isShow>False</isShow>
      <links eventType="AtClick" animate="AmNone" animateAutoDelay="0" animateDuration="500">
        <link targetPageID="" linkType="ltPageLink" isApplyIncludePage="False" title="Cientista+de+dados">
          <area shape="0" alt="" ID="{09DF3F67-014E-4AF9-8AD7-AB61EF23C643}" coords="(1,1,238,26)"/>
        </link>
        <link targetPageID="" linkType="ltPageLink" isApplyIncludePage="False" title="Engenheiro+de+Software">
          <area shape="0" alt="" ID="{604B6C4C-F856-49A4-940D-3DAB284ADF0B}" coords="(1,26,238,51)"/>
        </link>
        <link targetPageID="D2B3A421-428F-48A6-A979-8958EA415615" linkType="ltPageLink" isApplyIncludePage="False" title="Desenvolvedor+Full-Stack">
          <area shape="0" alt="" ID="{AB76084C-2454-46E3-A468-1395D5DAF885}" coords="(1,51,238,76)"/>
        </link>
      </links>
      <font family="Segoe+UI" displayName="Segoe+UI" postScript="" weightStyle="Normal" weight="400" isBold="False" isItalic="False"/>
      <text>Cientista+de+dados%0D%0AEngenheiro+de+Software%0D%0ADesenvolvedor+Full-Stack</text>
      <textSize>14</textSize>
      <lineSpacing>0</lineSpacing>
    </control>
  </controls>
  <param>
    <backgroundColor>4294967295</backgroundColor>
    <fontSize>14</fontSize>
    <fontFamily>Segoe+UI</fontFamily>
    <guideLines/>
  </param>
</mockup>