﻿<project version="2.9" name="Tinder-Like Job App" ID="3653F4F7-C148-4598-AD60-285FFA603930">
  <params>
    <pageParam version="5.3" minAllowVersion="5.3"/>
    <projectParam version="2.9" minAllowVersion="2.9" platform="MtWeb" pageSize="(1200,730)" backgroundColor="4294967295" fontSize="14" fontFamily="Segoe UI" projectType="ptPersonalProject" isShowTitleIndex="False"/>
    <previewParam version="1.0"/>
    <colorParam version="1.0"/>
  </params>
  <pages>
    <page name="Login" ID="E872643A-1E0A-48AE-B4AD-A882C42431D9" expanded="True" code="n6vBgcXqED" thumbCode="n6vBgcXqED" status="psWhite" isfolder="False" isshownode="True">
      <images>
        <image key="93F23547BA7433F672E75223DB1F9924.png"/>
        <image key="F1DC86A4D7B8A1E8943C455E0C414D27.png"/>
      </images>
    </page>
    <page name="Candidato" ID="E2626C21-1C13-48DA-9A29-B1160472111D" expanded="True" status="psGreen" isfolder="True" isshownode="True">
      <page name="Vaga Amazon" ID="42582A35-0CA0-4936-836B-E8B9D79E6095" expanded="True" code="JuzXEw2B4x" thumbCode="JuzXEw2B4x" status="psWhite" isfolder="False" isshownode="True">
        <images>
          <image key="5C9792CF275AF94FA100139FB8C4D2D6.jpg"/>
          <image key="D95E480717200F895E41DB6E5B869596.svg"/>
        </images>
      </page>
      <page name="Home IBM 2" ID="201D5114-A457-4C41-BDB4-FB0C5F539CFC" expanded="True" code="zp6RinnMmf" thumbCode="zp6RinnMmf" status="psWhite" isfolder="False" isshownode="True">
        <images>
          <image key="7511CDA14F8FA3D38A469421A4B1F641.png"/>
          <image key="5C9792CF275AF94FA100139FB8C4D2D6.jpg"/>
          <image key="472D9B715A86634DF2228F2D4118DC54.svg"/>
          <image key="F6F9504221BA03176E34B28FE627730A.png"/>
          <image key="79E681A0879BEB9EEA0055755B4D934E.svg"/>
          <image key="C327B338DB9B2986C4D2B288935729B2.png"/>
          <image key="76E3C884423CE3DD4C9E06A9BA836020.svg"/>
        </images>
        <page name="Home IBM" ID="0675F74C-F4F6-45C5-BDED-C03391BBCAEB" expanded="True" code="vyRksKF9yO" thumbCode="vyRksKF9yO" status="psWhite" isfolder="False" isshownode="True">
          <images>
            <image key="7511CDA14F8FA3D38A469421A4B1F641.png"/>
            <image key="5C9792CF275AF94FA100139FB8C4D2D6.jpg"/>
            <image key="472D9B715A86634DF2228F2D4118DC54.svg"/>
            <image key="F6F9504221BA03176E34B28FE627730A.png"/>
            <image key="C327B338DB9B2986C4D2B288935729B2.png"/>
            <image key="76E3C884423CE3DD4C9E06A9BA836020.svg"/>
          </images>
        </page>
        <page name="Home Patreon" ID="25F0749A-323E-47F0-9F8E-6C280DF59370" expanded="True" code="5XftFqW6cr" thumbCode="5XftFqW6cr" status="psWhite" isfolder="False" isshownode="True">
          <images>
            <image key="5C9792CF275AF94FA100139FB8C4D2D6.jpg"/>
            <image key="472D9B715A86634DF2228F2D4118DC54.svg"/>
            <image key="76DE0095DA65F05B718EE57F70D70CF3.png"/>
            <image key="A43CF6DE943D341333A628B11F97EAF8.png"/>
            <image key="76E3C884423CE3DD4C9E06A9BA836020.svg"/>
            <image key="71A4527945C965073D025690652F9D1A.png"/>
          </images>
        </page>
        <page name="Home Amazon" ID="6B8C7879-4E23-4C0A-A252-868CC52BA8A3" expanded="True" code="8o5kJ9ak5Z" thumbCode="8o5kJ9ak5Z" status="psWhite" isfolder="False" isshownode="True">
          <images>
            <image key="5C9792CF275AF94FA100139FB8C4D2D6.jpg"/>
            <image key="B4F06C99320C50281A8B192F501CDD31.png"/>
            <image key="472D9B715A86634DF2228F2D4118DC54.svg"/>
            <image key="BC76A6E830B4FFBB81136DD68E713D70.png"/>
            <image key="76E3C884423CE3DD4C9E06A9BA836020.svg"/>
          </images>
        </page>
      </page>
      <page name="Match IBM" ID="F639DCBC-FDF0-424C-8542-4B1329C65A49" expanded="True" code="uGPfqXpxYl" thumbCode="uGPfqXpxYl" status="psWhite" isfolder="False" isshownode="True">
        <images>
          <image key="5C9792CF275AF94FA100139FB8C4D2D6.jpg"/>
          <image key="7511CDA14F8FA3D38A469421A4B1F641.png"/>
          <image key="6DA1C6B1CC0F2D39D3E2B372A386EBAB.jpg"/>
          <image key="CF7CE7FF02A87E29342EA9DC5BF94E08.svg"/>
          <image key="EE77E1FBB1518C0566FB0D234C704469.svg"/>
        </images>
      </page>
      <page name="Match Amazon" ID="B3AFE6D2-80B4-4526-B8E1-343CC7E91A01" expanded="False" code="JpWr9K6tcu" thumbCode="JpWr9K6tcu" status="psWhite" isfolder="False" isshownode="True">
        <images>
          <image key="5C9792CF275AF94FA100139FB8C4D2D6.jpg"/>
          <image key="B4F06C99320C50281A8B192F501CDD31.png"/>
          <image key="6DA1C6B1CC0F2D39D3E2B372A386EBAB.jpg"/>
          <image key="CF7CE7FF02A87E29342EA9DC5BF94E08.svg"/>
          <image key="EE77E1FBB1518C0566FB0D234C704469.svg"/>
        </images>
      </page>
      <page name="Chat 2" ID="57731481-2AE4-4439-B150-FC13FB657D69" expanded="True" code="5rH4AzDOPE" thumbCode="5rH4AzDOPE" status="psWhite" isfolder="False" isshownode="True">
        <images>
          <image key="5C9792CF275AF94FA100139FB8C4D2D6.jpg"/>
          <image key="79E681A0879BEB9EEA0055755B4D934E.svg"/>
          <image key="1E39E1B5069155764FAD6DFA6DF27517.jpg"/>
        </images>
        <page name="Chat Google" ID="29458027-2E1E-4207-BC32-A12FBDD03654" expanded="True" code="ipGvNnhIaF" thumbCode="ipGvNnhIaF" status="psWhite" isfolder="False" isshownode="True">
          <images>
            <image key="5C9792CF275AF94FA100139FB8C4D2D6.jpg"/>
            <image key="1E39E1B5069155764FAD6DFA6DF27517.jpg"/>
          </images>
        </page>
        <page name="Chat IBM" ID="1DB9E231-C24D-4B30-A7A1-B5D19BB46002" expanded="True" code="oCwW8p5a66" thumbCode="oCwW8p5a66" status="psWhite" isfolder="False" isshownode="True">
          <images>
            <image key="5C9792CF275AF94FA100139FB8C4D2D6.jpg"/>
          </images>
        </page>
        <page name="Chat zero" ID="5F8E3EA6-9F28-4842-BA76-780205D76C3C" expanded="False" code="yPqyC9GRSv" thumbCode="pSXtAtl4hp" status="psWhite" isfolder="False" isshownode="True">
          <images>
            <image key="5C9792CF275AF94FA100139FB8C4D2D6.jpg"/>
          </images>
        </page>
      </page>
      <page name="Perfil" ID="F4208BD3-690D-4FD0-A68C-C606D9AEDA85" expanded="True" code="9EQng5RnKJ" thumbCode="9EQng5RnKJ" status="psWhite" isfolder="False" isshownode="True">
        <images>
          <image key="5C9792CF275AF94FA100139FB8C4D2D6.jpg"/>
          <image key="472D9B715A86634DF2228F2D4118DC54.svg"/>
        </images>
        <page name="Perfil2" ID="61F20C83-38CC-4029-9092-637ED304F99F" expanded="True" code="RcJuxUuonF" thumbCode="RcJuxUuonF" status="psWhite" isfolder="False" isshownode="True">
          <images>
            <image key="5C9792CF275AF94FA100139FB8C4D2D6.jpg"/>
            <image key="472D9B715A86634DF2228F2D4118DC54.svg"/>
            <image key="79E681A0879BEB9EEA0055755B4D934E.svg"/>
          </images>
        </page>
        <page name="Perfil zero" ID="AE1B261A-EF3D-4A3D-A5B5-D9F51A089EC1" expanded="False" code="rTU9CrUvDR" thumbCode="rTU9CrUvDR" status="psWhite" isfolder="False" isshownode="True">
          <images>
            <image key="5C9792CF275AF94FA100139FB8C4D2D6.jpg"/>
            <image key="472D9B715A86634DF2228F2D4118DC54.svg"/>
          </images>
        </page>
      </page>
    </page>
    <page name="Empresa" ID="1F26C215-9EFF-4B13-9531-0A9D7271E41F" expanded="True" status="psGreen" isfolder="True" isshownode="True">
      <page name="Home" ID="802A4D7D-A4C1-4311-BAE5-CB9C4CD78DFA" expanded="True" code="JcrEsPPSyE" thumbCode="JcrEsPPSyE" status="psWhite" isfolder="False" isshownode="True">
        <images>
          <image key="B4F06C99320C50281A8B192F501CDD31.png"/>
          <image key="472D9B715A86634DF2228F2D4118DC54.svg"/>
          <image key="76E3C884423CE3DD4C9E06A9BA836020.svg"/>
          <image key="3B5602C424DB32CD57B808F2DF1E9A84.png"/>
        </images>
        <page name="Perfil candidato" ID="1D788149-3630-48AE-B55C-67C09E4910A0" expanded="True" code="ZbmFYk5XOG" thumbCode="ZbmFYk5XOG" status="psWhite" isfolder="False" isshownode="True">
          <images>
            <image key="107CA24696CCB983C66EFEF7877419B7.svg"/>
            <image key="B4F06C99320C50281A8B192F501CDD31.png"/>
          </images>
        </page>
        <page name="Home1" ID="256E32C2-5A25-4266-839F-BA23E49C0749" expanded="True" code="8wsGjB11jd" thumbCode="8wsGjB11jd" status="psWhite" isfolder="False" isshownode="True">
          <images>
            <image key="B4F06C99320C50281A8B192F501CDD31.png"/>
            <image key="472D9B715A86634DF2228F2D4118DC54.svg"/>
            <image key="51DBD376A97BD1DFFB972EB80F7FEFF0.svg"/>
            <image key="76E3C884423CE3DD4C9E06A9BA836020.svg"/>
            <image key="F3CFB98306963F58B4E33AF5F62CA85D.png"/>
          </images>
        </page>
        <page name="Home0" ID="F4645122-5605-4749-8DA2-ED5720E1EB8C" expanded="True" code="pZVOfeeVBV" thumbCode="pZVOfeeVBV" status="psWhite" isfolder="False" isshownode="True">
          <images>
            <image key="B4F06C99320C50281A8B192F501CDD31.png"/>
            <image key="472D9B715A86634DF2228F2D4118DC54.svg"/>
            <image key="76E3C884423CE3DD4C9E06A9BA836020.svg"/>
            <image key="F3CFB98306963F58B4E33AF5F62CA85D.png"/>
          </images>
        </page>
        <page name="Home full-stack" ID="D2B3A421-428F-48A6-A979-8958EA415615" expanded="True" code="8X2vcIaubK" thumbCode="8X2vcIaubK" status="psWhite" isfolder="False" isshownode="True">
          <images>
            <image key="B4F06C99320C50281A8B192F501CDD31.png"/>
            <image key="472D9B715A86634DF2228F2D4118DC54.svg"/>
            <image key="51F89EE3E6799BEE8CE8CDE4E9279EED.png"/>
            <image key="51DBD376A97BD1DFFB972EB80F7FEFF0.svg"/>
            <image key="76E3C884423CE3DD4C9E06A9BA836020.svg"/>
          </images>
        </page>
      </page>
      <page name="Chat" ID="9FB19A10-6253-4D87-BE62-0C2815675A04" expanded="True" code="PG8WxCtWtL" thumbCode="PG8WxCtWtL" status="psWhite" isfolder="False" isshownode="True">
        <images>
          <image key="B4F06C99320C50281A8B192F501CDD31.png"/>
        </images>
      </page>
      <page name="Perfil" ID="B8D90EAB-E024-4C9B-AB9D-5C55410D2598" expanded="True" code="2XqoY87AJK" thumbCode="l1VmPmleSS" isLastOpen="True" status="psWhite" isfolder="False" isshownode="True">
        <images>
          <image key="B4F06C99320C50281A8B192F501CDD31.png"/>
          <image key="BC76A6E830B4FFBB81136DD68E713D70.png"/>
        </images>
        <page name="Perfil inicial" ID="14A4FE36-1199-4A89-A2E5-2038D96C4270" expanded="True" code="QgisKCr5cU" thumbCode="QgisKCr5cU" status="psWhite" isfolder="False" isshownode="True">
          <images>
            <image key="B4F06C99320C50281A8B192F501CDD31.png"/>
            <image key="BC76A6E830B4FFBB81136DD68E713D70.png"/>
            <image key="84E43FD667F4EA128EEFBAD7B03B51F5.svg"/>
          </images>
        </page>
        <page name="Perfil inicial2" ID="A3A4D58B-DB6E-43C1-90DC-73859484DAC8" expanded="True" code="8FYRXyI7Vq" thumbCode="8FYRXyI7Vq" status="psWhite" isfolder="False" isshownode="True">
          <images>
            <image key="472D9B715A86634DF2228F2D4118DC54.svg"/>
          </images>
        </page>
      </page>
      <page name="Vagas" ID="F65F260C-B2BE-4BAA-8341-05F29EADC4CC" expanded="True" code="BPOexzBGAz" thumbCode="BPOexzBGAz" status="psWhite" isfolder="False" isshownode="True">
        <images>
          <image key="21646354014E94DDDD1FB998F4A2179E.svg"/>
          <image key="B4F06C99320C50281A8B192F501CDD31.png"/>
          <image key="909563FAFE25D2BCBB465D4435A7FA63.svg"/>
          <image key="08FC0D91044DEDABA8DD1CE81702C98F.svg"/>
        </images>
        <page name="Adicionar Vaga" ID="34C7C64D-F175-4DA0-BE78-A28887A6B7BA" expanded="True" code="GMSijodEbU" thumbCode="GMSijodEbU" status="psWhite" isfolder="False" isshownode="True">
          <images>
            <image key="21646354014E94DDDD1FB998F4A2179E.svg"/>
            <image key="B4F06C99320C50281A8B192F501CDD31.png"/>
            <image key="08FC0D91044DEDABA8DD1CE81702C98F.svg"/>
            <image key="01C687310F9F3CD70AEFE872B950F27F.svg"/>
            <image key="DB7FC814F441C17601BBA7EA29C0CC4C.svg"/>
          </images>
        </page>
        <page name="Adicionar Vaga2" ID="6A881EB9-0C98-452D-BDB1-2D05AA872A6E" expanded="True" code="wwraTHnAYd" thumbCode="wwraTHnAYd" status="psWhite" isfolder="False" isshownode="True">
          <images>
            <image key="21646354014E94DDDD1FB998F4A2179E.svg"/>
            <image key="B4F06C99320C50281A8B192F501CDD31.png"/>
            <image key="08FC0D91044DEDABA8DD1CE81702C98F.svg"/>
            <image key="D95E480717200F895E41DB6E5B869596.svg"/>
            <image key="DB7FC814F441C17601BBA7EA29C0CC4C.svg"/>
          </images>
        </page>
        <page name="Vagas2" ID="51379549-5B01-4C8F-9B3A-47F0C8D80260" expanded="True" code="LSwxZUQAV9" thumbCode="LSwxZUQAV9" status="psWhite" isfolder="False" isshownode="True">
          <images>
            <image key="909563FAFE25D2BCBB465D4435A7FA63.svg"/>
            <image key="B4F06C99320C50281A8B192F501CDD31.png"/>
            <image key="08FC0D91044DEDABA8DD1CE81702C98F.svg"/>
          </images>
        </page>
        <page name="Vagas Cientista de dados" ID="01A83861-01DA-4DCA-9289-2FFDCEB674A5" expanded="True" code="h2GCVpJzIi" thumbCode="h2GCVpJzIi" status="psWhite" isfolder="False" isshownode="True">
          <images>
            <image key="21646354014E94DDDD1FB998F4A2179E.svg"/>
            <image key="B4F06C99320C50281A8B192F501CDD31.png"/>
            <image key="909563FAFE25D2BCBB465D4435A7FA63.svg"/>
            <image key="BC76A6E830B4FFBB81136DD68E713D70.png"/>
            <image key="08FC0D91044DEDABA8DD1CE81702C98F.svg"/>
            <image key="01C687310F9F3CD70AEFE872B950F27F.svg"/>
          </images>
        </page>
        <page name="Vagas Cientista de dados2" ID="C208847C-EA80-49BE-8455-1BE2EAAD9E9B" expanded="True" code="JzocPrVZY8" thumbCode="JzocPrVZY8" status="psWhite" isfolder="False" isshownode="True">
          <images>
            <image key="909563FAFE25D2BCBB465D4435A7FA63.svg"/>
            <image key="B4F06C99320C50281A8B192F501CDD31.png"/>
            <image key="BC76A6E830B4FFBB81136DD68E713D70.png"/>
            <image key="08FC0D91044DEDABA8DD1CE81702C98F.svg"/>
            <image key="01C687310F9F3CD70AEFE872B950F27F.svg"/>
          </images>
        </page>
        <page name="Vaga Amazon" ID="62AC21A7-ABB9-46F6-914D-29FFA8E9E482" expanded="True" code="yJFK3VRAou" thumbCode="yJFK3VRAou" status="psWhite" isfolder="False" isshownode="True">
          <images>
            <image key="21646354014E94DDDD1FB998F4A2179E.svg"/>
            <image key="B4F06C99320C50281A8B192F501CDD31.png"/>
            <image key="909563FAFE25D2BCBB465D4435A7FA63.svg"/>
            <image key="08FC0D91044DEDABA8DD1CE81702C98F.svg"/>
            <image key="D95E480717200F895E41DB6E5B869596.svg"/>
          </images>
        </page>
      </page>
    </page>
  </pages>
  <trash>
    <page name="Chat2" ID="FB76802D-B00C-48B9-9757-BB938B8ACA95" expanded="False" code="mmpgzjsaTu" thumbCode="MPf25HU9Mk" isLastOpen="True" status="psWhite" isfolder="False" isshownode="True">
      <images>
        <image key="5C9792CF275AF94FA100139FB8C4D2D6.jpg"/>
        <image key="79E681A0879BEB9EEA0055755B4D934E.svg"/>
      </images>
    </page>
    <page name="Chat1" ID="B85B9867-8012-4430-94F7-C01F26D833F1" expanded="False" code="oMmfxTH2oQ" thumbCode="pfq4bKRJP6" isLastOpen="True" status="psWhite" isfolder="False" isshownode="True">
      <images>
        <image key="5C9792CF275AF94FA100139FB8C4D2D6.jpg"/>
        <image key="79E681A0879BEB9EEA0055755B4D934E.svg"/>
        <image key="1E39E1B5069155764FAD6DFA6DF27517.jpg"/>
      </images>
    </page>
    <page name="Chat2" ID="BE9DCFAB-1A3A-4330-8812-D24BBCA0FA11" expanded="False" code="uDzE4dY5KE" thumbCode="k7YvviXrX9" isLastOpen="True" status="psWhite" isfolder="False" isshownode="True">
      <images>
        <image key="5C9792CF275AF94FA100139FB8C4D2D6.jpg"/>
        <image key="79E681A0879BEB9EEA0055755B4D934E.svg"/>
      </images>
    </page>
    <page name="Chat3" ID="27F7B6AB-48BD-4731-BA3C-0D190DD0176A" expanded="True" code="ZjpD2lp9tm" thumbCode="PXjPJJFIev" isLastOpen="True" status="psWhite" isfolder="False" isshownode="True">
      <images>
        <image key="5C9792CF275AF94FA100139FB8C4D2D6.jpg"/>
        <image key="1E39E1B5069155764FAD6DFA6DF27517.jpg"/>
      </images>
    </page>
    <page name="Chat4" ID="7C5649A0-E424-4CE7-ACD0-871976E2C0D7" expanded="True" code="NGdjpIezLe" thumbCode="kMdNFZWAza" isLastOpen="True" status="psWhite" isfolder="False" isshownode="True">
      <images>
        <image key="5C9792CF275AF94FA100139FB8C4D2D6.jpg"/>
      </images>
    </page>
    <page name="Home2" ID="02B3B516-F821-4006-B770-4E3F967908C4" expanded="False" code="gdQIqXKTHy" thumbCode="" isLastOpen="True" status="psWhite" isfolder="False" isshownode="True">
      <images>
        <image key="7511CDA14F8FA3D38A469421A4B1F641.png"/>
        <image key="5C9792CF275AF94FA100139FB8C4D2D6.jpg"/>
        <image key="472D9B715A86634DF2228F2D4118DC54.svg"/>
        <image key="F6F9504221BA03176E34B28FE627730A.png"/>
        <image key="C327B338DB9B2986C4D2B288935729B2.png"/>
        <image key="76E3C884423CE3DD4C9E06A9BA836020.svg"/>
      </images>
    </page>
    <page name="Match2" ID="CEA340A0-B38E-4FE8-8D91-BF6C6270C256" expanded="False" code="fJm7FEIARV" thumbCode="3ZdfiMCNM1" isLastOpen="True" status="psWhite" isfolder="False" isshownode="True">
      <images>
        <image key="7511CDA14F8FA3D38A469421A4B1F641.png"/>
        <image key="5C9792CF275AF94FA100139FB8C4D2D6.jpg"/>
        <image key="472D9B715A86634DF2228F2D4118DC54.svg"/>
        <image key="F6F9504221BA03176E34B28FE627730A.png"/>
        <image key="79E681A0879BEB9EEA0055755B4D934E.svg"/>
        <image key="C327B338DB9B2986C4D2B288935729B2.png"/>
        <image key="76E3C884423CE3DD4C9E06A9BA836020.svg"/>
      </images>
    </page>
    <page name="Match1" ID="59CF9F73-9059-41E0-BE88-90663C8FB6A2" expanded="True" code="cZYuhTGbTy" thumbCode="o8U296LbfL" isLastOpen="True" status="psWhite" isfolder="False" isshownode="True">
      <images>
        <image key="7511CDA14F8FA3D38A469421A4B1F641.png"/>
        <image key="5C9792CF275AF94FA100139FB8C4D2D6.jpg"/>
        <image key="472D9B715A86634DF2228F2D4118DC54.svg"/>
        <image key="F6F9504221BA03176E34B28FE627730A.png"/>
        <image key="79E681A0879BEB9EEA0055755B4D934E.svg"/>
        <image key="C327B338DB9B2986C4D2B288935729B2.png"/>
        <image key="76E3C884423CE3DD4C9E06A9BA836020.svg"/>
      </images>
    </page>
    <page name="Match1" ID="4D2379C1-1E67-4B77-B57F-6567341BDE1D" expanded="False" code="aI964XO88K" thumbCode="HF8Yt2tvhf" status="psWhite" isfolder="False" isshownode="True">
      <images>
        <image key="5C9792CF275AF94FA100139FB8C4D2D6.jpg"/>
        <image key="472D9B715A86634DF2228F2D4118DC54.svg"/>
        <image key="79E681A0879BEB9EEA0055755B4D934E.svg"/>
        <image key="76E3C884423CE3DD4C9E06A9BA836020.svg"/>
      </images>
    </page>
    <page name="Home2" ID="26282A0A-72F6-4085-8483-BEEC854EDF77" expanded="False" code="yIySD1HCoK" thumbCode="" isLastOpen="True" status="psWhite" isfolder="False" isshownode="True">
      <images>
        <image key="7511CDA14F8FA3D38A469421A4B1F641.png"/>
        <image key="5C9792CF275AF94FA100139FB8C4D2D6.jpg"/>
        <image key="472D9B715A86634DF2228F2D4118DC54.svg"/>
        <image key="F6F9504221BA03176E34B28FE627730A.png"/>
        <image key="C327B338DB9B2986C4D2B288935729B2.png"/>
        <image key="76E3C884423CE3DD4C9E06A9BA836020.svg"/>
      </images>
    </page>
    <page name="Chat2" ID="63F04213-8489-45DB-9D1E-E760B77F4CF7" expanded="False" code="VruKDPvMqz" thumbCode="" isLastOpen="True" status="psWhite" isfolder="False" isshownode="True">
      <images>
        <image key="5C9792CF275AF94FA100139FB8C4D2D6.jpg"/>
        <image key="79E681A0879BEB9EEA0055755B4D934E.svg"/>
      </images>
    </page>
    <page name="Chat7" ID="CD0F47B2-3BD6-4C0F-A9B4-B71BF39636C7" expanded="False" code="4JrUYIJ23z" thumbCode="" status="psWhite" isfolder="False" isshownode="True">
      <images>
        <image key="5C9792CF275AF94FA100139FB8C4D2D6.jpg"/>
        <image key="79E681A0879BEB9EEA0055755B4D934E.svg"/>
      </images>
    </page>
    <page name="Chat3" ID="92AD7E16-3865-4301-B2B8-09B73B41EC48" expanded="False" code="XtaCxM5GE3" thumbCode="" status="psWhite" isfolder="False" isshownode="True">
      <images>
        <image key="5C9792CF275AF94FA100139FB8C4D2D6.jpg"/>
      </images>
    </page>
    <page name="Chat4" ID="598D2629-294C-430E-9FA2-024432FB3453" expanded="False" code="hTwBZQNapD" thumbCode="" status="psWhite" isfolder="False" isshownode="True">
      <images>
        <image key="5C9792CF275AF94FA100139FB8C4D2D6.jpg"/>
        <image key="1E39E1B5069155764FAD6DFA6DF27517.jpg"/>
      </images>
    </page>
    <page name="Chat5" ID="16ECF75B-E94C-45A0-9364-95E367BDAB3F" expanded="False" code="ltXGcN5txa" thumbCode="" status="psWhite" isfolder="False" isshownode="True">
      <images>
        <image key="5C9792CF275AF94FA100139FB8C4D2D6.jpg"/>
      </images>
    </page>
    <page name="Chat6" ID="FDB7E3BE-5074-42CA-9BD9-5A1C314E3D54" expanded="False" code="QKibCOyI3A" thumbCode="" status="psWhite" isfolder="False" isshownode="True">
      <images>
        <image key="5C9792CF275AF94FA100139FB8C4D2D6.jpg"/>
        <image key="1E39E1B5069155764FAD6DFA6DF27517.jpg"/>
      </images>
    </page>
    <page name="Match2" ID="CCDC1DF4-F48C-4067-BD87-0D95E575F152" expanded="False" code="8FJ7M6g6xL" thumbCode="" isLastOpen="True" status="psWhite" isfolder="False" isshownode="True">
      <images>
        <image key="5C9792CF275AF94FA100139FB8C4D2D6.jpg"/>
        <image key="F3D4EECD613DBCDDF545228EF15DD1CE.jpg"/>
        <image key="79E681A0879BEB9EEA0055755B4D934E.svg"/>
        <image key="6DA1C6B1CC0F2D39D3E2B372A386EBAB.jpg"/>
        <image key="CF7CE7FF02A87E29342EA9DC5BF94E08.svg"/>
        <image key="EE77E1FBB1518C0566FB0D234C704469.svg"/>
      </images>
    </page>
    <page name="Chat9" ID="A3B197D6-F299-4AE1-8EB8-0817BA61A64F" expanded="True" code="IX3tQY9Bpl" thumbCode="qiSdvLgJZk" isLastOpen="True" status="psWhite" isfolder="False" isshownode="True">
      <images>
        <image key="5C9792CF275AF94FA100139FB8C4D2D6.jpg"/>
        <image key="1E39E1B5069155764FAD6DFA6DF27517.jpg"/>
      </images>
    </page>
    <page name="Home Patreon 2" ID="5FCD8AE9-9EED-43FF-869A-7B3FD300E233" expanded="True" code="5foRuPo6KN" thumbCode="EPuIYMpa1H" isLastOpen="True" status="psWhite" isfolder="False" isshownode="True">
      <images>
        <image key="5C9792CF275AF94FA100139FB8C4D2D6.jpg"/>
        <image key="472D9B715A86634DF2228F2D4118DC54.svg"/>
        <image key="79E681A0879BEB9EEA0055755B4D934E.svg"/>
        <image key="76DE0095DA65F05B718EE57F70D70CF3.png"/>
        <image key="A43CF6DE943D341333A628B11F97EAF8.png"/>
        <image key="76E3C884423CE3DD4C9E06A9BA836020.svg"/>
        <image key="71A4527945C965073D025690652F9D1A.png"/>
      </images>
    </page>
    <page name="Match IBM 2" ID="F0FA6867-99AD-4701-8498-553FF03FF59C" expanded="False" code="2Ybso5IKmF" thumbCode="Td1H4rwHCO" isLastOpen="True" status="psWhite" isfolder="False" isshownode="True">
      <images>
        <image key="5C9792CF275AF94FA100139FB8C4D2D6.jpg"/>
        <image key="7511CDA14F8FA3D38A469421A4B1F641.png"/>
        <image key="79E681A0879BEB9EEA0055755B4D934E.svg"/>
        <image key="6DA1C6B1CC0F2D39D3E2B372A386EBAB.jpg"/>
        <image key="CF7CE7FF02A87E29342EA9DC5BF94E08.svg"/>
        <image key="EE77E1FBB1518C0566FB0D234C704469.svg"/>
      </images>
    </page>
    <page name="Match Patreon 2" ID="7D5CBFEF-77AC-4984-A477-A8BA755FEFEC" expanded="False" code="x5UV6RlnYU" thumbCode="Lf2gaqllQf" isLastOpen="True" status="psWhite" isfolder="False" isshownode="True">
      <images>
        <image key="5C9792CF275AF94FA100139FB8C4D2D6.jpg"/>
        <image key="F3D4EECD613DBCDDF545228EF15DD1CE.jpg"/>
        <image key="79E681A0879BEB9EEA0055755B4D934E.svg"/>
        <image key="6DA1C6B1CC0F2D39D3E2B372A386EBAB.jpg"/>
        <image key="CF7CE7FF02A87E29342EA9DC5BF94E08.svg"/>
        <image key="EE77E1FBB1518C0566FB0D234C704469.svg"/>
      </images>
    </page>
    <page name="Match Patreon" ID="020A777F-DD0E-44D2-B968-957109FC3776" expanded="False" code="QMofL2atlI" thumbCode="D92B1ks5Ea" isLastOpen="True" status="psWhite" isfolder="False" isshownode="True">
      <images>
        <image key="5C9792CF275AF94FA100139FB8C4D2D6.jpg"/>
        <image key="F3D4EECD613DBCDDF545228EF15DD1CE.jpg"/>
        <image key="6DA1C6B1CC0F2D39D3E2B372A386EBAB.jpg"/>
        <image key="CF7CE7FF02A87E29342EA9DC5BF94E08.svg"/>
        <image key="EE77E1FBB1518C0566FB0D234C704469.svg"/>
      </images>
    </page>
    <page name="Chat8" ID="9FD04ABF-0518-43BE-A388-AB6273BE5124" expanded="True" code="Ua4dHkEJ53" thumbCode="vpbJNaM9HN" isLastOpen="True" status="psWhite" isfolder="False" isshownode="True">
      <images>
        <image key="5C9792CF275AF94FA100139FB8C4D2D6.jpg"/>
        <image key="1E39E1B5069155764FAD6DFA6DF27517.jpg"/>
      </images>
    </page>
    <page name="Chat2" ID="0B587FB0-FF8F-476D-95FB-C70178B6A7CD" expanded="True" code="AKIwqo2Usm" thumbCode="PT35f1uGJc" status="psWhite" isfolder="False" isshownode="True">
      <images>
        <image key="5C9792CF275AF94FA100139FB8C4D2D6.jpg"/>
        <image key="79E681A0879BEB9EEA0055755B4D934E.svg"/>
      </images>
    </page>
    <page name="Chat7" ID="4BA0DA90-91F3-4051-8063-0C7B1620694F" expanded="False" code="YCflIuEGEZ" thumbCode="ZGGk3drRai" status="psWhite" isfolder="False" isshownode="True">
      <images>
        <image key="5C9792CF275AF94FA100139FB8C4D2D6.jpg"/>
        <image key="79E681A0879BEB9EEA0055755B4D934E.svg"/>
      </images>
    </page>
    <page name="Chat3" ID="7829D1AC-CEA5-4D2A-A0C9-DB240151C5CB" expanded="True" code="URJfaRdact" thumbCode="HQsYSpBF2V" status="psWhite" isfolder="False" isshownode="True">
      <images>
        <image key="5C9792CF275AF94FA100139FB8C4D2D6.jpg"/>
      </images>
    </page>
    <page name="Chat6" ID="F3BEEF11-FCFE-4CA2-BCF7-EE6098695512" expanded="True" code="WjjMuJYMxo" thumbCode="SOdPqXsLGR" status="psWhite" isfolder="False" isshownode="True">
      <images>
        <image key="5C9792CF275AF94FA100139FB8C4D2D6.jpg"/>
        <image key="1E39E1B5069155764FAD6DFA6DF27517.jpg"/>
      </images>
    </page>
    <page name="Perfil2" ID="17E54ED8-A5BB-4C30-8F86-CC246B7E53A5" expanded="False" code="6mhhN2xQhO" thumbCode="" isLastOpen="True" status="psWhite" isfolder="False" isshownode="True">
      <images>
        <image key="5C9792CF275AF94FA100139FB8C4D2D6.jpg"/>
      </images>
    </page>
    <page name="Vagas Cientista de dados" ID="3C4CB93A-655E-4DE1-9C10-568558A1400D" expanded="False" code="DkzJOZuw1z" thumbCode="" isLastOpen="True" status="psWhite" isfolder="False" isshownode="True">
      <images>
        <image key="B4F06C99320C50281A8B192F501CDD31.png"/>
        <image key="BC76A6E830B4FFBB81136DD68E713D70.png"/>
        <image key="01C687310F9F3CD70AEFE872B950F27F.svg"/>
      </images>
    </page>
    <page name="Vaga Amazon" ID="3AB68994-3950-4AF4-BA36-DEC8C6236844" expanded="True" code="kcoqIWrfpx" thumbCode="UmOzjlOwZL" isLastOpen="True" status="psWhite" isfolder="False" isshownode="True">
      <images>
        <image key="B4F06C99320C50281A8B192F501CDD31.png"/>
        <image key="D95E480717200F895E41DB6E5B869596.svg"/>
      </images>
    </page>
  </trash>
  <deletes/>
  <masters/>
  <images>
    <image key="107CA24696CCB983C66EFEF7877419B7.svg"/>
    <image key="B4F06C99320C50281A8B192F501CDD31.png"/>
    <image key="93F23547BA7433F672E75223DB1F9924.png"/>
    <image key="F6F9504221BA03176E34B28FE627730A.png"/>
    <image key="51F89EE3E6799BEE8CE8CDE4E9279EED.png"/>
    <image key="79E681A0879BEB9EEA0055755B4D934E.svg"/>
    <image key="76DE0095DA65F05B718EE57F70D70CF3.png"/>
    <image key="84E43FD667F4EA128EEFBAD7B03B51F5.svg"/>
    <image key="A43CF6DE943D341333A628B11F97EAF8.png"/>
    <image key="CF7CE7FF02A87E29342EA9DC5BF94E08.svg"/>
    <image key="EE77E1FBB1518C0566FB0D234C704469.svg"/>
    <image key="6DA1C6B1CC0F2D39D3E2B372A386EBAB.jpg"/>
    <image key="08FC0D91044DEDABA8DD1CE81702C98F.svg"/>
    <image key="909563FAFE25D2BCBB465D4435A7FA63.svg"/>
    <image key="F3D4EECD613DBCDDF545228EF15DD1CE.jpg"/>
    <image key="51DBD376A97BD1DFFB972EB80F7FEFF0.svg"/>
    <image key="01C687310F9F3CD70AEFE872B950F27F.svg"/>
    <image key="76E3C884423CE3DD4C9E06A9BA836020.svg"/>
    <image key="3B5602C424DB32CD57B808F2DF1E9A84.png"/>
    <image key="71A4527945C965073D025690652F9D1A.png"/>
    <image key="5C9792CF275AF94FA100139FB8C4D2D6.jpg"/>
    <image key="21646354014E94DDDD1FB998F4A2179E.svg"/>
    <image key="472D9B715A86634DF2228F2D4118DC54.svg"/>
    <image key="7511CDA14F8FA3D38A469421A4B1F641.png"/>
    <image key="BC76A6E830B4FFBB81136DD68E713D70.png"/>
    <image key="D95E480717200F895E41DB6E5B869596.svg"/>
    <image key="F3CFB98306963F58B4E33AF5F62CA85D.png"/>
    <image key="DB7FC814F441C17601BBA7EA29C0CC4C.svg"/>
    <image key="C327B338DB9B2986C4D2B288935729B2.png"/>
    <image key="F1DC86A4D7B8A1E8943C455E0C414D27.png"/>
    <image key="1E39E1B5069155764FAD6DFA6DF27517.jpg"/>
  </images>
</project>